id,symbol,name,rank,consolidation_score,volume_stability_score,breakout_score,breakout_volume_score,rsi_score,ma_score,cap_score,consolidation_volatility,consolidation_range,volume_stability,breakout_price_change,breakout_volume_change,rsi_current,rsi_trend,ma_trend,market_cap,data_days,total_score
bitcoin,btc,Bitcoin,1,0,6,10,10,10,10,2,0.02185607051220079,0.24343842128795914,6,24.00952160430181,10,74.51265343033849,25.022964047194243,7.38724864226199,1515657625846.036,361,6.625
ethereum,eth,Ethereum,2,0,6,10,10,10,7,3,0.027935453363857842,0.21576379032412493,6,17.75516870310916,10,74.17476191606684,42.47670647052338,2.460294997747736,357650099653.4543,361,6.375
tether,usdt,Tether,3,9,6,0,10,10,4,3,0.0007842702953514877,0.0034565158011284165,6,0.06339473047880517,10,60.4575449110487,25.186329969005428,-0.017068582800439103,123081040613.0073,361,5.8125
solana,sol,Solana,4,0,6,10,10,10,10,4,0.03213120469478516,0.360153972709595,6,36.18389061670364,10,68.80840258324383,26.018342608153418,12.310301453313022,93474332965.79745,361,6.875
binancecoin,bnb,BNB,5,0,7,10,10,10,6,4,0.02136798590827572,0.21800542836044381,7,12.667432100338093,10,65.14415772044208,32.96328177744404,1.4223659091515906,91935131999.86423,361,6.5
usd-coin,usdc,USDC,6,9,6,0,10,5,0,4,0.000714581317887785,0.0034012114755845725,6,0.0011708979274827058,10,50.972834047525936,11.351937032792591,0.0006834293707180805,37237382106.82077,361,4.8125
ripple,xrp,XRP,7,0,5,0,0,10,0,4,0.025051315120482077,0.2519585134123938,5,-1.335657635937626,0,70.72622323071938,38.99371087323718,-4.761719842426149,31565870633.416164,361,2.375
dogecoin,doge,Dogecoin,8,0,4,10,10,10,10,4,0.0367167860342689,0.4733839858406285,4,91.2729431844713,10,78.84015296829406,23.20248989699752,25.56161953036844,31024898124.378944,361,6.625
staked-ether,steth,Lido Staked Ether,9,0,3,10,10,10,7,4,0.02802984024979882,0.2165309595219438,3,20.17034453470925,10,75.60890968419835,43.95969930153446,2.538132453147468,29704476699.60509,361,6.125
cardano,ada,Cardano,10,0,7,10,10,10,5,4,0.02884483745593481,0.24888917544567188,7,24.16989579808697,10,74.81426308719665,37.83981806926572,0.08254074529505662,15625053198.796394,361,6.375
tron,trx,TRON,11,0,3,4,0,0,0,4,0.020931748435753225,0.25927605608312193,3,4.585753715133212,0,39.47320001861215,0.0,3.5858827022841266,13869405679.738382,361,1.625
the-open-network,ton,Toncoin,12,0,1,0,0,10,0,4,0.0353328133407111,0.41102372212960087,1,-6.53411502771295,0,62.10934982036808,35.07796620749771,-6.452565387441589,13185977316.917961,361,1.875
wrapped-steth,wsteth,Wrapped stETH,13,0,5,10,3,10,7,4,0.028037174482138223,0.21469626703316938,5,20.671640480004292,3,75.59275131718886,44.222876111119945,2.756325848031027,13009856581.800798,361,5.5
avalanche-2,avax,Avalanche,14,0,6,10,10,10,2,4,0.03740525900710141,0.4094486402001653,6,16.745460996129967,10,66.46736919590543,43.87508480357421,-2.0126870250617546,11986101015.96563,361,5.875
shiba-inu,shib,Shiba Inu,15,0,2,10,10,10,10,4,0.0435166982613169,0.4885800058892168,2,25.739720093347064,10,67.16855341921206,29.945711976679483,5.881876250036977,11491980521.933569,361,6.375
wrapped-bitcoin,wbtc,Wrapped Bitcoin,16,0,5,10,10,10,10,4,0.02163072806353057,0.24458247129169636,5,24.01373253003074,10,74.5029128624528,24.98470239478317,7.40807665707599,11232130062.358654,361,6.75
weth,weth,WETH,17,0,3,10,0,10,7,5,0.028067952292713635,0.21479094795683346,3,20.131390694530737,0,75.59913341654904,43.95923144105036,2.5379741333788397,8995830469.548933,361,5.0
chainlink,link,Chainlink,18,0,7,10,10,10,7,5,0.0330096478732928,0.30457708576427694,7,22.07200947495176,10,67.28780771211288,31.098174754784324,2.006580450251283,8477284730.901596,361,6.75
bitcoin-cash,bch,Bitcoin Cash,19,0,5,10,10,10,9,5,0.03160013321126776,0.22179369702168897,5,11.888406475676284,10,59.25994433891457,20.40501826730128,4.207360150813932,7436153136.53211,361,6.75
sui,sui,Sui,20,0,3,10,10,10,10,5,0.06092074387609191,1.1371830535684049,3,64.74535629801123,10,69.76243880359964,44.2802659902771,11.247042444953404,6500779397.532604,361,6.625
polkadot,dot,Polkadot,21,0,7,0,10,10,1,5,0.027194838159740505,0.2374685969592286,7,0.7297207396033345,10,63.77095561654449,46.03588602122918,-3.7716811968990682,6269891814.368486,361,4.125
leo-token,leo,LEO Token,22,0,0,10,10,10,7,5,0.012968917921748967,0.12535925299443648,0,11.238475414661341,10,81.81315008728835,45.779818900787575,2.7634209704619828,5980598015.288788,361,5.875
usds,usds,USDS,23,8,4,0,10,3,0,5,0.009287205313827372,0.014714834175578447,4,-0.2015470797270491,10,51.39429369252603,6.125944978585991,,5592241774.328646,47,4.25
wrapped-eeth,weeth,Wrapped eETH,24,0,0,10,0,10,7,5,0.028264524937742688,0.21422249458539125,0,20.717862176428724,0,75.75949958755045,44.09513231290384,2.714826525233671,5575347343.836807,313,4.625
litecoin,ltc,Litecoin,25,0,6,10,10,10,8,5,0.023801808587177488,0.21902747155022764,6,11.439366321240275,10,60.08993898881094,25.21531788306818,3.2867634197036866,5521012813.812341,361,6.75
uniswap,uni,Uniswap,26,0,3,10,10,10,10,5,0.04075489217382731,0.36537359080294385,3,30.95480325703037,10,64.97244163143915,30.555475684012293,6.434926679948494,5409935324.182806,361,6.625
near,near,NEAR Protocol,27,0,5,0,9,10,0,5,0.045633929451998755,0.45054819779908606,5,-2.074778847747616,9,54.76670847690479,37.127069690695144,-7.688387616763325,5363231778.631641,361,3.625
aptos,apt,Aptos,28,0,3,10,10,10,10,5,0.050482762228582154,0.6248820260122718,3,31.175885389560843,10,56.67531158518916,25.178305179063223,9.301939915405665,5179759786.882026,361,6.625
pepe,pepe,Pepe,29,0,5,10,10,10,7,5,0.05416318837765873,0.5402764249827195,5,28.505421911255645,10,67.83306685090676,43.756343397359345,2.066212811036472,4677543848.453581,361,6.5
internet-computer,icp,Internet Computer,30,0,6,3,10,10,0,5,0.04095717853697482,0.3663698988245256,6,3.753670507069229,10,59.2368217420587,29.877972538165004,-4.669340368174357,3963255143.402075,361,4.4375
bittensor,tao,Bittensor,31,0,4,10,10,10,3,5,0.061533567394217,1.0073454830727613,4,19.76040821976719,10,48.725902936154725,29.560085158609468,-1.5317480547971107,3725059372.305851,361,5.875
fetch-ai,fet,Artificial Superintelligence Alliance,32,0,5,6,0,10,0,5,0.05478072995676439,0.6817810620370783,5,6.792404955470532,0,62.9059367041903,37.9278139502649,-8.43134818816499,3630904124.227803,361,3.625
dai,dai,Dai,33,9,5,0,0,4,0,5,0.00106542347420892,0.005748160048948149,5,-0.051179385843225234,0,48.211876044716334,8.304586482230448,-0.000904903437914939,3311973398.668004,361,3.4375
ethereum-classic,etc,Ethereum Classic,34,0,7,10,10,10,4,5,0.02450464141090457,0.18896891489986134,7,10.035323903322912,10,70.20175745721562,41.63937622884593,-0.15556517368600087,3095212222.085323,361,6.375
stellar,xlm,Stellar,35,0,6,6,10,10,5,5,0.018068336746792812,0.15294220292746985,6,6.641434645937094,10,65.21723047825645,31.79522530897269,0.33110065803894084,3013739684.285991,361,5.625
monero,xmr,Monero,36,0,7,1,10,7,4,5,0.02515993551367107,0.2517353312646279,7,1.2510542085344634,10,54.583944613890445,15.473288915722321,-0.3321703311031321,3004730186.4595017,361,4.3125
polygon-ecosystem-token,pol,POL (ex-MATIC),37,0,0,0,10,10,0,5,0.03660897087995152,0.6171568528525825,0,-4.4071009762517654,10,67.02973372701695,51.20981747142092,-9.325746191517403,2966824478.1861715,361,3.125
ethena-usde,usde,Ethena USDe,38,9,4,0,10,5,5,5,0.0006897763594754392,0.0033454016937135966,4,0.1571526822400804,10,55.338337212293155,11.697683479073689,0.0780631526528408,2908387454.6154184,331,5.3125
whitebit,wbt,WhiteBIT Coin,39,0,0,10,10,4,10,5,0.034910708945244236,0.6821733860395417,0,62.19181805596381,10,77.51928457778602,8.741588721111114,28.605917646352918,2877094437.9402747,361,5.5
crypto-com-chain,cro,Cronos,40,0,5,10,10,10,3,5,0.021952335883880323,0.23838968778285705,5,29.351473866622424,10,81.86341149159068,51.77893355791289,-1.7590071108442018,2857809640.940254,361,6.0
kaspa,kas,Kaspa,41,0,6,0,10,8,0,5,0.03217885281024029,0.4164004629498476,6,-26.710159328215934,10,45.406096369300634,16.24652847591728,-16.58314187376142,2834333338.172563,361,3.625
aave,aave,Aave,42,0,5,10,5,10,4,5,0.04865958772501101,0.5403989399405038,5,33.13369817912915,5,71.50509294884101,41.48625472945642,-0.19906472151856036,2817840707.2703586,361,5.5
okb,okb,OKB,43,0,5,8,10,10,2,5,0.01964123615796219,0.18291451017876614,5,8.218633858257029,10,69.9385611311205,49.81170200790699,-2.605934353070072,2547310767.6863866,361,5.5
blockstack,stx,Stacks,44,0,4,0,10,10,0,5,0.0409872851615901,0.37753949151887095,4,-0.035879339982414216,10,49.54228333892438,23.420028089871522,-3.3031128007995236,2518914497.0853753,361,3.625
dogwifcoin,wif,dogwifhat,45,0,5,10,10,10,10,5,0.05991454476222403,0.7308480985265668,5,24.04099403074669,10,52.39283393281539,22.267506415613852,5.393645556615856,2419419123.148195,334,6.875
arbitrum,arb,Arbitrum,46,0,6,9,10,10,2,5,0.037706579482595266,0.33797270440973226,6,9.923538425344924,10,67.64871186136071,44.701410301779475,-2.92216051667894,2408378229.1389275,361,5.8125
mantle,mnt,Mantle,47,0,7,10,3,10,4,5,0.026049960993483195,0.2011439763299103,7,19.588024654818636,3,77.70965533246866,51.85064060213966,-0.3092291837746175,2407463159.8512735,361,5.5
first-digital-usd,fdusd,First Digital USD,48,9,6,0,10,4,4,5,0.002218117530537213,0.009122185821063576,6,0.03261581288263038,10,52.43946817212487,9.368265003201863,-0.05853295418548621,2351741735.5914836,361,5.3125
filecoin,fil,Filecoin,49,0,7,5,10,10,3,5,0.03292963373946204,0.2612524036481977,7,5.728198493385772,10,65.59423681451459,39.552097958296,-1.8990302815025006,2326409415.613429,361,5.3125
celestia,tia,Celestia,50,0,4,3,10,10,0,5,0.0635003060264842,0.5151363527458054,4,3.008780669535338,10,50.634788825538145,23.45594051427073,-4.700585600382768,2225144475.6039143,361,4.1875
injective-protocol,inj,Injective,51,0,5,10,10,10,0,5,0.04387625784762758,0.3961032357815478,5,14.588589007023888,10,67.47313225051815,43.32664645550193,-4.05118261856442,2212698457.570172,361,5.625
fantom,ftm,Fantom,52,0,5,10,0,10,7,5,0.05669762321679263,0.7294420105507479,5,33.50436755011474,0,61.59725936936628,35.40618835399133,2.1782272098313404,2100732469.8155425,361,5.25
immutable-x,imx,Immutable,53,0,6,0,10,10,0,5,0.047930479825160646,0.4978391948680691,6,-11.871304942633698,10,44.72886582916963,28.22652286024509,-11.848259669149341,2095590183.1800575,361,3.875
optimism,op,Optimism,54,0,7,5,10,10,2,5,0.04227225560693642,0.41643004749570756,7,5.22078018528338,10,54.725750386129995,29.640571683438985,-2.8434253440554835,2066260646.0796363,361,5.1875
render-token,render,Render,55,0,2,0,0,10,0,5,0.0467838019540257,0.42022727271928767,2,-7.156108912909431,0,52.68683075496959,24.487110553147616,-8.356897103631965,1927579769.5805862,361,2.125
hedera-hashgraph,hbar,Hedera,56,0,5,0,10,10,0,5,0.0338561167544905,0.2785917162556971,5,-3.1796905700862244,10,58.18238507891272,45.48302918294643,-6.756450235751399,1934132888.908183,361,3.75
thorchain,rune,THORChain,57,0,6,10,10,7,10,5,0.04599513004608424,0.4787717736249942,6,27.19086930784913,10,56.66702693088552,15.03278010864873,8.491170597782904,1903985514.6240327,361,6.625
cosmos,atom,Cosmos Hub,58,0,7,6,0,10,4,5,0.03637768634221323,0.3690352664155699,7,6.228678830241163,0,62.67580149200154,41.40087456956108,-0.5318068827746103,1870979064.3223164,361,4.375
binance-peg-weth,weth,Binance-Peg WETH,59,0,6,10,10,10,7,5,0.025845537631452406,0.1586417681445909,6,19.23761769704,10,75.73770586228623,44.31999844480774,2.5197076590102396,1831671085.7344127,96,6.625
vechain,vet,VeChain,60,0,6,0,10,10,0,5,0.03108720599976071,0.2935067718281888,6,-1.1552931618902695,10,55.06521104311862,31.701047632684194,-4.212363535681485,1829828394.4995463,361,3.875
bitget-token,bgb,Bitget Token,61,0,6,10,10,10,10,5,0.019462980345731764,0.29046986928968177,6,25.664511427751123,10,66.4424547674628,30.102975587207297,9.37011462652415,1767140332.9332504,361,7.0
sei-network,sei,Sei,62,0,3,10,0,10,3,5,0.05784779991629722,0.6393537427341768,3,18.354633169411215,0,61.9925854061985,39.7901270731392,-1.8871786536048485,1714073134.849006,361,4.5
rocket-pool-eth,reth,Rocket Pool ETH,63,0,2,10,10,10,7,5,0.027846273705620775,0.2112496384877394,2,20.08587737540055,10,74.92538223525554,43.579531539651484,2.5657889975485126,1606097611.821291,361,6.125
the-graph,grt,The Graph,64,0,6,2,10,10,0,5,0.04164344339455333,0.3778080079113509,6,2.5777393431840823,10,55.81445200991118,37.36203549354288,-4.116941875969637,1528864945.9936202,361,4.25
jupiter-exchange-solana,jup,Jupiter,65,0,3,10,10,10,10,5,0.04420704423014569,0.47425707393955807,3,44.670118627062784,10,67.04769298584436,28.04302136600738,14.025685134457921,1588755659.6939895,285,6.625
bonk,bonk,Bonk,66,0,2,10,2,10,7,5,0.050473492740732914,0.4353149365792533,2,13.808006024912679,2,55.61992736313462,32.09664302311667,2.1538022235593646,1551076598.873988,361,5.125
pyth-network,pyth,Pyth Network,67,0,5,10,10,10,10,5,0.0459613421183766,0.40377437975961333,5,36.05454212403125,10,68.02325323635495,25.380881715920083,7.501378221931421,1529632424.7450278,357,6.875
raydium,ray,Raydium,68,0,1,10,10,10,10,5,0.0502850163647392,0.9144454350182161,1,222.49943045126003,10,82.67891747393458,20.70572502869667,50.20667822980969,1509047137.7129898,361,6.375
mantle-staked-ether,meth,Mantle Staked Ether,69,0,3,10,10,10,7,5,0.02806475737870826,0.21447117960475115,3,20.582563783966258,10,75.65987935382674,43.23377303739717,2.7331449262725904,1459609794.3644931,339,6.25
ethena,ena,Ethena,70,0,2,10,10,10,10,5,0.07352573588999065,0.7398234434628351,2,70.15236178731281,10,75.8903881177975,45.061413170024494,16.043202198575468,1454092370.8312798,223,6.5
popcat,popcat,Popcat,71,0,5,10,10,3,0,5,0.08690243007498703,1.2911094442119955,5,66.18559609478565,10,51.54796545282549,7.665897308576795,24.280014809014673,1447953200.3568873,328,4.75
floki,floki,FLOKI,72,0,4,7,0,10,4,5,0.04850355015152041,0.42532140984199984,4,7.52489133744616,0,57.4476760031439,30.106176725656624,-0.348823465173953,1403941040.6492517,361,4.1875
maker,mkr,Maker,73,0,6,0,10,10,0,5,0.03366986864701295,0.7036618125402468,6,-5.965725235547026,10,77.14145662912489,53.615080565434184,-11.80623643356925,1320246550.468144,361,3.875
renzo-restaked-eth,ezeth,Renzo Restaked ETH,74,0,4,10,0,10,7,5,0.02818008116073523,0.21628187151020434,4,20.996004079148456,0,75.6420315137217,43.825092181287275,2.9641867874216743,1294537134.171668,291,5.125
worldcoin-wld,wld,Worldcoin,75,0,3,10,10,10,10,5,0.061038763983188686,0.6366919816503587,3,18.850031412173163,10,53.22785961286556,32.98408262026233,5.068627844606888,1293056106.8901107,361,6.625
kucoin-shares,kcs,KuCoin,76,0,0,10,2,10,10,5,0.02063800727172622,0.19944255682410683,0,29.723208062914573,2,79.3443403109822,33.06580486528649,8.92670862563827,1274797828.8603318,361,5.25
theta-token,theta,Theta Network,77,0,6,0,6,10,0,5,0.03764121217896649,0.3360935704664648,6,-5.155632208940042,6,56.040181851079254,36.65452332758758,-8.005125373402567,1209147706.394717,361,3.375
arweave,ar,Arweave,78,0,4,0,10,10,0,5,0.04708726450891157,0.5072009017842903,4,-13.32081264780044,10,58.12483821529215,40.69464911509282,-13.0617723047885,1170574064.8271708,361,3.625
mantra-dao,om,MANTRA,79,0,5,10,10,10,9,5,0.04112736162540835,0.6418681407409453,5,20.81713964440821,10,58.34533386284494,27.837112785960997,4.263904271202934,1247037987.632742,361,6.75
gatechain-token,gt,Gate,80,0,5,10,10,10,5,5,0.018949884904476088,0.2685875321847731,5,14.549290795373127,10,68.1595822537361,39.62551898930573,0.27673690686897956,1203827887.7784512,361,6.25
helium,hnt,Helium,81,0,5,0,0,8,0,5,0.0538557495378028,0.36892532373467857,5,-6.973993722903538,0,46.2684680299234,17.645404196235503,-5.026345207312821,1141412014.656415,361,2.25
solv-btc,solvbtc,Solv Protocol SolvBTC,82,0,0,10,10,10,10,5,0.021497001798337696,0.24558788308732912,0,23.929590355470488,10,74.36789646582994,25.35827096297566,7.3587537105729295,1170738028.367925,218,6.25
lido-dao,ldo,Lido DAO,83,0,7,10,10,10,3,5,0.04813118023471079,0.40618339543815885,7,18.94446427573717,10,67.99844242648899,42.1548007873901,-1.06299207813505,1162889752.8259592,361,6.25
msol,msol,Marinade Staked SOL,84,0,3,10,0,10,10,5,0.031945990847948004,0.36946472317181933,3,40.24684924443969,0,71.45028304600025,28.636138995422236,12.86552848252953,1094663942.2524433,361,5.375
beam-2,beam,Beam,85,0,4,10,10,10,10,5,0.051381785936015445,0.5338200594292816,4,35.84206439189914,10,60.86299466639675,25.362522271143114,6.514902530344502,1088882198.3076828,361,6.75
algorand,algo,Algorand,86,0,7,2,10,10,0,5,0.030762906771933354,0.2555523569038205,7,2.828805286760483,10,66.5875340602506,41.11568174305404,-4.966514456955218,1076153896.8464327,361,4.375
ondo-finance,ondo,Ondo,87,0,0,6,0,10,3,5,0.04249875396176244,0.38449444396675636,0,6.361835019010509,0,56.8717515619071,33.020926516364845,-1.164596189106637,1066820577.712607,298,3.375
coinbase-wrapped-btc,cbbtc,Coinbase Wrapped BTC,88,0,6,10,10,10,10,5,0.01950886369805967,0.09864712269964303,6,15.06069256425393,10,74.47925316470737,24.805728779315942,7.36694887208087,1057080740.199249,60,7.0
bitcoin-cash-sv,bsv,Bitcoin SV,89,0,5,10,10,10,6,5,0.033948502841541495,0.28983647954308994,5,13.268631881768677,10,64.5905528394513,22.989752834650126,1.3907759312707046,1039764767.2640074,361,6.375
jasmycoin,jasmy,JasmyCoin,90,0,7,3,10,10,0,5,0.038602660153335924,0.3764575866404219,7,3.235617032631244,10,67.90773307346414,39.09182512456702,-6.36352177022006,1002761051.185582,361,4.5625
matic-network,matic,Polygon,91,0,0,0,0,10,0,6,0.036881547729894174,0.6309285747460562,0,-4.663084830728281,0,66.5671685776475,49.4715303085822,-9.33989022629027,997328707.3359425,361,2.0
neiro-3,neiro,Neiro,92,0,4,10,7,10,10,6,0.13184469526884052,0.8947789431709063,4,62.5877309167757,7,74.29481810273587,49.509444475363665,23.689774616634907,989649119.7003012,102,6.5
aerodrome-finance,aero,Aerodrome Finance,93,0,2,10,10,10,10,6,0.05511112015300238,1.040954033448969,2,61.982106743501554,10,68.24783727686899,33.87578569978689,9.157305012431326,981278899.1047059,361,6.625
fasttoken,ftn,Fasttoken,94,0,5,10,10,10,10,6,0.018507736007077474,0.16748544453821998,5,16.14011459924365,10,90.79657322954716,41.41125220600188,6.260308987017882,961525037.8245404,361,7.0
ether-fi-staked-eth,eeth,ether.fi Staked ETH,95,0,1,10,10,10,7,6,0.02810928281001251,0.21621823368214566,1,20.09235446287112,10,75.46269192605969,43.85470210010361,2.5425286105554834,929999994.3296226,278,6.125
based-brett,brett,Brett,96,0,4,7,10,10,6,6,0.0594044919866388,0.5534584246459687,4,7.401196132836385,10,54.14498874401625,29.124894033486704,1.6199353972442099,927471244.4814627,256,5.8125
quant-network,qnt,Quant,97,0,6,0,10,10,0,6,0.035555585240114075,0.31967186664661074,6,-7.846712281851009,10,53.092614024478756,30.779933355794334,-10.169799716122817,908780366.0964947,361,4.0
gala,gala,GALA,98,0,6,10,9,10,5,6,0.046652840844923035,0.43941482776053964,6,14.706700242854298,9,61.90480335813377,39.646421046177885,0.003947814221216817,903242463.8194604,361,6.375
starknet,strk,Starknet,99,0,5,6,0,10,0,6,0.04848160138132948,0.3411351216108317,5,6.596930862282657,0,64.5519447898271,39.08647351021328,-4.026702275693561,888204477.993192,265,3.75
pendle,pendle,Pendle,100,0,3,10,10,10,10,6,0.05088937918220337,0.6677158263715972,3,49.68170930985034,10,63.42384504473604,25.194478090277542,13.262077639020875,884132868.9530383,361,6.75
tokenize-xchange,tkx,Tokenize Xchange,101,0,6,10,4,10,8,6,0.022521224901369468,0.21287797983896367,6,26.03723657360566,4,81.58728351233985,37.522139859935514,3.437095254621081,880295175.1924897,361,6.125
flow,flow,Flow,102,0,5,0,10,10,0,6,0.03024304613675745,0.213275657747112,5,0.001348129013822863,10,62.12471079523073,41.17098430733554,-4.225533942899218,857626742.7056888,361,3.875
bittorrent,btt,BitTorrent,103,0,2,0,0,10,0,6,0.03494215512589782,0.3433632227921523,2,-0.03385043146261202,0,54.2977635023682,32.29540046640027,-3.5544831728022586,853755213.4255131,361,2.25
lombard-staked-btc,lbtc,Lombard Staked BTC,104,0,3,10,0,10,10,6,0.019075357560740858,0.13095345780310028,3,17.54153758383925,0,75.0163212063971,25.569729002723157,7.233183367911922,834658870.2250044,74,5.5
cat-in-a-dogs-world,mew,cat in a dogs world,105,0,0,10,10,1,0,6,0.08245435929646017,1.309716724403692,0,63.95798529604016,10,42.56684559471041,2.5075269848907524,31.6794587425554,833799060.7060969,230,4.0
coredaoorg,core,Core,106,0,6,0,4,10,0,6,0.04714478539711386,0.4234876725548441,6,-7.107388311528828,4,58.85911530588298,32.01696601285394,-7.250486586946159,832171525.9439039,361,3.25
ordinals,ordi,ORDI,107,0,6,10,10,10,3,6,0.05758486347116706,0.43994654351260626,6,18.035290845750374,10,67.7074231237905,35.78629235900958,-1.8643444504252704,812798553.614302,361,6.25
mog-coin,mog,Mog Coin,108,0,6,10,10,10,10,6,0.07654224161795024,1.1346282953963818,6,53.796315910495984,10,59.807946957202866,28.545601894576855,18.718232020077387,800749053.1378627,361,7.125
elrond-erd-2,egld,MultiversX,109,0,6,7,10,10,0,6,0.03556745333216593,0.33003740423297123,6,7.164351261780744,10,72.21031163385678,51.23867237432647,-4.881191952466213,798030298.7470329,361,5.3125
axie-infinity,axs,Axie Infinity,110,0,2,7,10,10,5,6,0.03382598419152744,0.26724404694997295,2,7.634924301454626,10,62.6812863268119,36.81901158792216,0.33658956266318096,789227652.2926987,361,5.4375
apecoin,ape,ApeCoin,111,0,0,10,10,10,0,6,0.09792890231188683,1.3329249027721737,0,41.23311688520881,10,50.63581612031243,35.59462282217751,23.735328786346454,773793423.273599,361,5.125
dydx-chain,dydx,dYdX,113,0,0,10,10,10,10,6,0.054169960586062195,0.4725804025592238,0,20.485158008563943,10,66.06342584763985,48.14350340676695,6.329872589300201,772677164.3100705,350,6.375
jupiter-staked-sol,jupsol,Jupiter Staked SOL,115,0,5,10,10,10,10,6,0.03238380032050098,0.3724384717381902,5,40.32480969780452,10,71.3923993189485,28.450250404462338,12.885072323075741,769202450.9352959,195,7.0
spx6900,spx,SPX6900,116,0,0,10,10,4,10,6,0.18513623098404455,4.094609683324417,0,270.35609400724763,10,51.42421454365508,9.891536633407156,72.99142990057481,762074551.2585267,361,5.625
usdd,usdd,USDD,117,9,4,0,10,6,5,6,0.0017089185904138125,0.008377252521775985,4,0.16861677830151134,10,55.50002344857288,12.816872714251971,0.06806224819837503,757198889.5841548,361,5.5625
solv-protocol-solvbtc-bbn,solvbtc.bbn,Solv Protocol SolvBTC.BBN,118,0,1,10,10,10,10,6,0.019828196393354477,0.1365932423903073,1,18.82373829857564,10,74.15214363649595,25.77912351469648,7.561015647889824,749338235.5094317,101,6.5
neo,neo,NEO,119,0,6,3,0,10,2,6,0.03095371959287771,0.20361374494195367,6,3.5347054723931848,0,62.79448289705451,38.90960920485762,-2.642969977611176,730693795.4955091,361,3.5625
notcoin,not,Notcoin,120,0,3,0,0,10,0,6,0.05206087520507656,0.5938347571325439,3,-15.33967202304083,0,54.8205041005346,36.651500149310245,-10.004490785381016,727792380.7725035,179,2.375
conflux-token,cfx,Conflux,121,0,3,3,10,10,0,6,0.05084297947941923,0.47687426998244,3,3.9952905948726025,10,61.073509292018166,32.36014633205156,-6.886672929274463,727496579.0752268,361,4.1875
arbitrum-bridged-wbtc-arbitrum-one,wbtc,Arbitrum Bridged WBTC (Arbitrum One),122,0,5,10,10,10,10,6,0.018938850689745403,0.1370216054893142,5,18.945028845905455,10,75.2294512306271,25.776021232044748,7.4381312484296025,726507546.4216344,99,7.0
nexo,nexo,NEXO,123,0,7,10,10,10,5,6,0.02352088206629514,0.18426507344829066,7,11.134080552081137,10,72.06325932401035,33.85980295665073,0.08261172315644494,723977874.5862658,361,6.625
eos,eos,EOS,125,0,7,0,0,10,0,6,0.027319197240125954,0.2381693575297003,7,-3.1207364314271513,0,60.801233951506354,39.185203946030704,-5.719288785137621,722768209.7012569,361,2.875
flare-networks,flr,Flare,126,0,3,0,10,10,0,6,0.03547307375745918,0.23183512972058226,3,-10.348329318673011,10,49.39688651138351,29.88485996299091,-6.896704757088101,710964551.7413485,361,3.625
kelp-dao-restaked-eth,rseth,Kelp DAO Restaked ETH,127,0,1,10,9,10,7,6,0.027831851133829993,0.21424540745912088,1,20.903012099161124,9,75.96255682050142,45.99681910729066,2.606740576751587,708930709.6017181,304,6.0
ecash,xec,eCash,128,0,0,7,10,10,4,6,0.031333001367055614,0.2806502652709156,0,7.965471907776767,10,61.20702932604748,26.82277105879809,-0.17140330405511772,706243811.4356344,361,5.0625
wormhole,w,Wormhole,129,0,0,0,10,10,0,6,0.05401690262886548,0.595536605888201,0,0.643557988502419,10,54.613854085063885,38.53151924839377,-9.487624769253111,692534682.1851643,222,3.25
gnosis,gno,Gnosis,130,0,4,10,10,4,10,6,0.035195139170987634,0.547766860795278,4,58.76703537344685,10,65.70568461730812,9.093527397757917,18.986042315586538,687468284.3526427,361,6.125
zcash,zec,Zcash,131,0,6,10,10,10,10,6,0.03862288679865991,0.5366775599857682,6,34.916550543195754,10,78.16866943606328,30.16357566644664,15.38440303872255,684128843.0021769,361,7.125
tezos,xtz,Tezos,132,0,7,0,10,10,1,6,0.027886288139761767,0.2368184324764787,7,0.07546907549673687,10,59.74471521878972,33.70674083719682,-3.323256475145797,679794644.6977067,361,4.25
arkham,arkm,Arkham,133,0,5,10,10,10,10,6,0.05944346097327928,0.6899614554527398,5,76.45211237182563,10,77.38163581926065,43.16373653652697,15.029614046054007,675697645.311503,361,7.0
tether-gold,xaut,Tether Gold,134,0,5,3,0,1,0,6,0.006555706993168604,0.1218685847033629,5,3.5594803803697728,0,36.91767075091326,3.786349286094648,2.5593136417854323,662152313.3024263,361,2.0625
l2-standard-bridged-weth-base,weth,L2 Standard Bridged WETH (Base),135,0,7,10,10,10,7,6,0.026519096219120075,0.1574352862539141,7,20.694041923719396,10,75.5549090398124,43.9569979342662,2.548210083355551,656098294.018723,83,6.875
mina-protocol,mina,Mina Protocol,136,0,0,10,10,10,7,6,0.043476876008084815,0.4412198187596543,0,13.625267946333587,10,57.78311378728812,34.48994891352306,2.0533257036185137,651408571.7826318,361,6.0
frax,frax,Frax,137,9,3,0,10,3,0,6,0.0011802987455751968,0.005786986707740081,3,-0.1567853796034746,10,45.22445933760171,6.99585947427758,-0.05730675218634795,646413737.3313434,361,4.4375
pepecoin-2,pepecoin,PepeCoin,138,0,6,10,10,10,0,6,0.06951125565263916,0.8000412355674859,6,113.93431771588318,10,84.80114888119073,36.87415129707964,-4.594630998142257,640119871.5975302,361,5.875
gigachad-2,giga,Gigachad,139,0,3,10,10,7,10,6,0.10995040116307227,1.782728372582416,3,132.71036953013976,10,67.30321299413177,15.92989470928287,46.94133761366128,638591347.8111975,294,6.375
ethereum-name-service,ens,Ethereum Name Service,140,0,6,6,10,10,2,6,0.04061230220271391,0.36100025216755,6,6.125735899202001,10,64.0832395077114,34.71896237041359,-2.5224381279368546,631530641.8615701,361,5.375
the-sandbox,sand,The Sandbox,141,0,7,0,10,10,1,6,0.03660110337564402,0.2629385065538734,7,0.568436609006806,10,59.588013895700065,36.05669400851844,-3.1031086141235398,631479516.7485328,361,4.25
axelar,axl,Axelar,142,0,0,10,0,10,10,6,0.06013529096471738,0.6572535270386186,0,21.815776619350082,0,52.165565204441464,29.180442216034407,10.135745059344426,629517018.5169402,361,5.125
akash-network,akt,Akash Network,143,0,2,0,1,10,0,6,0.03676509861136618,0.32635045916602146,2,-1.8435414309351805,1,60.311174395079874,27.93241037988615,-5.957232533883905,617482475.1751686,361,2.375
turbo,turbo,Turbo,144,0,3,10,10,10,10,6,0.09025195249916342,1.5395879511386046,3,54.24333365101246,10,52.25639170028986,22.34070467620284,19.620313529927657,619874546.8882318,361,6.75
safe,safe,Safe,145,0,0,10,10,1,10,6,0.06841899624271822,0.9690349469419959,0,44.71568101681409,10,35.373513591129466,3.9242530449367194,23.575625932211075,610393491.6853145,202,5.25
nervos-network,ckb,Nervos Network,146,0,0,7,0,10,0,6,0.08217838800933301,0.8748150169009111,0,7.992307618785399,0,52.16171588448788,26.596523178456685,-10.990129402414317,609320596.6061025,361,3.3125
bridged-usdc-polygon-pos-bridge,usdc.e,Bridged USDC (Polygon PoS Bridge),147,9,6,0,10,10,5,6,0.0007746721388481772,0.003903069194385804,6,0.026595485531921703,10,54.00001262237532,22.32866367979777,0.009493382730640931,607822653.0531976,361,6.3125
superfarm,super,SuperVerse,148,0,4,10,10,9,10,6,0.05286856456873309,0.9356703843415598,4,46.88403626344417,10,53.075215388149005,19.735720163526537,13.439833900065,605062298.5781952,361,6.75
aioz-network,aioz,AIOZ Network,149,0,4,10,10,10,2,6,0.04277964372210201,0.41895588447445237,4,19.128087080822652,10,69.09084681537429,42.57556072975413,-2.5556552432748347,602587188.6494673,361,5.875
book-of-meme,bome,BOOK OF MEME,150,0,2,10,10,8,10,6,0.06667017327309778,0.6611325244210777,2,22.390088149867626,10,51.75509127147505,17.375851313526837,11.148527756616101,597291137.7848172,242,6.375
coinbase-wrapped-staked-eth,cbeth,Coinbase Wrapped Staked ETH,151,0,4,10,10,10,7,6,0.027803575298125965,0.21485184376421554,4,20.565546607879348,10,75.72918001036592,44.294273512659274,2.695039628737539,595370962.5699137,361,6.5
decentraland,mana,Decentraland,152,0,6,8,8,10,4,6,0.038510082266265996,0.3112238352940384,6,8.549761449506255,8,60.66364098039338,31.960543503656325,-0.07371890980146789,584198041.8802598,361,5.75
eigenlayer,eigen,Eigenlayer,153,0,8,0,0,10,0,6,0.07651270638664967,0.22733068643391147,8,-1.3256594354694617,0,54.5484699877249,34.87915108821643,,583837667.7211412,41,3.0
chiliz,chz,Chiliz,154,0,0,4,10,10,0,6,0.03732939934385456,0.5508096906306098,0,4.163768745080998,10,53.16047942334091,43.039618738413274,-2.1221660772475337,575473800.8822542,361,4.0
arbitrum-bridged-weth-arbitrum-one,weth,Arbitrum Bridged WETH (Arbitrum One),155,0,5,10,10,10,7,6,0.02561691991099901,0.15580125459725394,5,19.92011731822545,10,75.5005382564596,43.960218075482956,2.5553604453455447,574344522.9789116,88,6.625
pancakeswap-token,cake,PancakeSwap,156,0,5,7,10,10,1,6,0.034293718676013156,0.34721460313171115,5,7.540748396816244,10,64.1010422517902,44.40139280018322,-3.7686353961027708,555652471.986411,361,5.3125
paypal-usd,pyusd,PayPal USD,157,9,4,0,10,6,0,6,0.0016115053041076556,0.008764794952967808,4,0.007115304051485971,10,50.76099163315838,12.014369070959624,-0.010923137702045782,547297430.8049031,361,4.9375
sats-ordinals,sats,SATS (Ordinals),158,0,4,0,0,10,0,6,0.0642345092396899,0.5771786680002194,4,-14.335751511022742,0,56.23755120321624,34.046645644181126,-12.300186455875462,538423334.3941594,361,2.5
dydx,ethdydx,dYdX,159,0,1,10,10,10,10,6,0.05438538976254786,0.47212388373851116,1,12.084734174828071,10,61.160723330483464,43.60503807127826,6.029927585079786,495434345.7650805,361,6.5
oasis-network,rose,Oasis,160,0,5,10,10,10,3,6,0.042999035074620745,0.4872876718351543,5,24.265047737795275,10,68.14044840175264,44.83426663420909,-1.2737655454265195,534245082.1638266,361,6.125
beldex,bdx,Beldex,161,0,2,10,10,10,10,6,0.02745246920405392,0.48861440460907746,2,33.09690935832683,10,61.59871781735358,27.981874562627006,14.524450191308746,532652056.5287421,361,6.625
pax-gold,paxg,PAX Gold,162,0,5,2,10,1,0,6,0.00604902020970634,0.12450094698108458,5,2.943258818235428,10,34.49147340923196,2.7996187491481663,2.340906481800631,529036587.4166075,361,3.125
ronin,ron,Ronin,163,0,5,0,10,10,0,6,0.03453575007936867,0.314249972636867,5,-9.473877236648665,10,48.77061974205802,28.423501022386887,-6.794150358334217,524288746.15808445,361,3.875
havven,snx,Synthetix Network,164,0,7,10,10,10,2,6,0.04414219483708367,0.3337731942979796,7,10.565340550140224,10,64.00099030911343,38.23705465682323,-2.4207820976995476,524196477.4522505,361,6.25
zksync,zk,ZKsync,165,0,6,10,10,10,7,6,0.047601584754518055,0.42778348672258953,6,15.51155800072852,10,59.67906714262918,32.033961153931216,2.5275413431351312,521661117.91938937,147,6.75
terra-luna,lunc,Terra Luna Classic,166,0,3,10,10,10,6,6,0.034066664197769214,0.29393823677773795,3,11.137626275174828,10,60.257875402800444,26.986597967101822,1.9203576155884194,514976809.6766162,361,6.25
binance-staked-sol,bnsol,Binance Staked SOL,167,0,3,10,10,10,10,6,0.03402399481904333,0.2037064438502722,3,27.301194272998597,10,71.31974129484507,28.200232153671514,12.796842756144544,512724617.9338788,60,6.75
true-usd,tusd,TrueUSD,168,9,6,0,10,10,4,6,0.0015633956811151614,0.008182951391187085,6,0.01881288804230774,10,56.522793747012436,23.079426831893464,-0.16285348273049616,494980267.12534004,361,6.1875
super-oeth,superoethb,Super OETH,169,0,1,10,10,10,7,6,0.02468445556681789,0.14728808016208694,1,20.168672975562842,10,75.51323355219999,43.40600676904762,2.571402492035557,490222461.88937604,74,6.125
dexe,dexe,DeXe,170,0,6,5,0,10,3,6,0.03474656248465472,0.2580080314150688,6,5.712944118408458,0,61.251467219899546,36.54981927965796,-1.8076012071045922,488377963.58191985,361,4.0625
frax-ether,frxeth,Frax Ether,171,0,0,10,10,10,7,6,0.028093410036679815,0.22199363536189948,0,20.100670025509082,10,77.15122020842038,43.164770304700184,2.282665045158705,484613507.9859385,361,6.0
corgiai,corgiai,CorgiAI,172,0,0,10,10,10,3,6,0.053861725133404974,0.5440438304816396,0,81.44328024229577,10,84.903955781938,65.62429428260982,-1.0527659703131964,466226899.1384652,361,5.5
blur,blur,Blur,173,0,5,10,10,10,6,6,0.054302795432251486,0.6783212162073314,5,12.43440657387418,10,50.73845710646572,37.72291799586037,1.3076786737631574,451887634.2253228,361,6.5
drift-protocol,drift,Drift Protocol,174,0,5,10,10,10,5,6,0.06799215249115884,0.7707889558905996,5,225.89345556882603,10,86.61929822312261,54.84452812170889,0.9900725149261325,432860597.3844829,179,6.375
l2-standard-bridged-weth-blast,weth,L2 Standard Bridged WETH (Blast),175,0,1,10,0,10,7,6,0.02547819975865725,0.1568348539382052,1,19.874629756766993,0,75.5455677239657,43.82531076776887,2.558270125685125,442763452.56031615,88,4.875
polygon-pos-bridged-weth-polygon-pos,weth,Polygon PoS Bridged WETH (Polygon POS),176,0,6,10,10,10,7,6,0.02577405409442451,0.1563122154074207,6,19.956067144510172,10,75.57862452636967,43.94475844194088,2.5424537917206447,437107629.81334454,88,6.75
xdce-crowd-sale,xdc,XDC Network,177,0,6,6,10,10,3,6,0.010162581830596845,0.15855304437592746,6,6.549844882659728,10,68.24394668795044,40.55756721623271,-1.6097870343635523,435629381.033472,361,5.5
bitcoin-avalanche-bridged-btc-b,btc.b,Avalanche Bridged BTC (Avalanche),178,0,6,10,10,10,10,6,0.021616719661948416,0.24669989932119196,6,24.099071629826852,10,75.10069031256836,25.957394114970455,7.40401552843486,433186058.7344357,361,7.125
astar,astr,Astar,179,0,4,0,0,10,0,6,0.038601361257300085,0.45491719864851937,4,-5.692221866352465,0,60.174034580644744,43.843110413538724,-8.040151448370514,433175564.68906283,361,2.5
trust-wallet-token,twt,Trust Wallet,180,0,0,10,0,10,6,6,0.043005049885442126,0.4135443520561259,0,10.237356672815245,0,55.444402761949746,29.84345098550756,1.149248686101556,432893926.41371155,361,4.625
iota,iota,IOTA,181,0,6,0,0,10,0,6,0.03233896577731826,0.32355446373052454,6,-4.399462104520724,0,64.95862008762234,35.39799947087975,-7.8022105646459945,428209195.71935683,361,2.75
apenft,nft,APENFT,182,0,8,0,10,2,0,6,0.02738092107741384,0.27763176299976516,8,-0.06867992424210989,10,46.21806798672888,5.701315735792043,2.476591244969728,422134692.5418672,361,3.25
layerzero,zro,LayerZero,183,0,5,0,0,10,0,6,0.046529311308020016,0.46153509725954867,5,-5.110572642942102,0,59.11352442451646,36.49178319355361,-11.875267132740886,420626974.36346644,144,2.625
fwog,fwog,Fwog,184,0,6,10,10,10,10,6,0.12429806982744693,1.3900963817347687,6,190.34388163069718,10,78.89860752013249,22.11345869030147,65.55145906117595,415590984.25517684,104,7.125
bitcoin-gold,btg,Bitcoin Gold,185,0,2,4,10,10,3,6,0.024567293980770285,0.2276614590919454,2,4.718167936645612,10,62.11081107729648,26.924224695916102,-1.0682721765293168,414259916.3474478,361,4.625
compound-governance-token,comp,Compound,186,0,7,4,0,10,2,6,0.03291114039541662,0.299279551310813,7,4.070446956409968,0,68.75316297530199,41.68059667963122,-2.4436255492100156,413607971.23489845,361,3.875
stepn,gmt,GMT,187,0,2,6,0,10,1,6,0.04790091635293105,0.4307203769406984,2,6.814683463858273,0,59.42489252542274,24.98473436873875,-3.0600061568066605,412259787.66354,361,3.5
dog-go-to-the-moon-rune,dog,DOG•GO•TO•THE•MOON (Runes),188,0,5,10,10,10,0,6,0.07328848674811377,1.0292149408432294,5,16.712907874624207,10,43.98068897888889,27.885786146041696,9.942534436420992,405070039.2902333,199,5.75
quantixai,qai,QuantixAI,189,0,6,10,0,10,10,6,0.02512042462025469,0.2674388128296241,6,27.673796198075216,0,94.13107654782576,50.42815959593262,6.235022758409503,405276004.6492453,237,5.875
usdb,usdb,USDB,190,7,4,0,10,3,0,6,0.0090259157935963,0.02531502037510836,4,-0.7048953435360272,10,51.10595698558956,6.420689362666053,-0.08773058469457862,402914783.4939157,255,4.1875
ondo-us-dollar-yield,usdy,Ondo US Dollar Yield,191,4,0,0,0,6,5,6,0.008361944940924964,0.05597268944395121,0,0.8808365970953247,0,57.402119268607,13.634138995881337,0.34456868655128314,400724909.395211,361,2.875
reserve-rights-token,rsr,Reserve Rights,193,0,5,10,0,10,3,6,0.052530108649504074,0.5973812133873981,5,25.70441585780321,0,69.63709706914871,41.091209187075165,-1.549087963478668,399753191.98791534,361,4.875
baby-doge-coin,babydoge,Baby Doge Coin,194,0,0,10,0,10,0,6,0.10814976592896268,1.377557644568476,0,36.70537787852315,0,48.65933021934517,31.222393307271425,6.100512965477312,397234013.97889584,361,3.875
woo-network,woo,WOO,195,0,2,10,10,10,8,6,0.053580146120693,0.4433385514029086,2,27.392305214164516,10,63.593146760339835,31.748773757548108,3.786774277206817,397577893.1272954,361,6.375
jito-governance-token,jto,Jito,196,0,4,10,10,10,10,6,0.048264420075067496,0.4040819745276632,4,38.39312936334372,10,69.09080039089102,29.849833802501074,6.242464398190717,395140615.50148207,340,6.875
livepeer,lpt,Livepeer,197,0,6,0,0,10,0,6,0.050978890016664544,0.40703561735820254,6,-14.572494715796457,0,48.20935672347372,34.215226676025424,-11.352368331568508,381083419.48808694,361,2.75
zetachain,zeta,ZetaChain,198,0,0,10,10,10,10,6,0.06638058034393692,0.5640206012685801,0,32.31249143118313,10,64.337828132304,29.217763993081093,5.945381358508928,394712064.646512,284,6.375
binance-peg-dogecoin,doge,Binance-Peg Dogecoin,199,0,1,10,10,10,10,6,0.03675653454202437,0.4837754839843339,1,90.94629091184565,10,78.60886068644412,23.21597486582683,25.6311007592527,393165332.836913,361,6.5
sweth,sweth,Swell Ethereum,200,0,4,10,10,10,7,6,0.027938342691460685,0.21498630884402462,4,20.458018400561386,10,75.45961563613568,43.670591022582826,2.7466084078102693,393379192.6883081,361,6.5
iotex,iotx,IoTeX,201,0,5,6,10,10,4,6,0.04317732887579027,0.4245249628226455,5,6.213087645865345,10,56.17014121624,25.336786649970648,-0.23980922171961128,376728374.68259436,361,5.5
kava,kava,Kava,202,0,1,4,0,10,1,6,0.042254553025889756,0.3623397129850674,1,4.579816145156457,0,60.2454722103,36.89716616422471,-3.043650558405686,381358762.3771803,361,3.0
stader-ethx,ethx,Stader ETHx,203,0,0,10,10,10,7,6,0.028746933478654313,0.2152675256914006,0,20.61198810387266,10,75.67847580940597,44.15436425603677,2.6852623450898783,378745208.5528639,361,6.0
theta-fuel,tfuel,Theta Fuel,204,0,0,0,0,10,0,6,0.033784062695705344,0.321292772705622,0,-7.566494584000116,0,52.62628548822775,39.65248323421676,-8.995128947223574,375131542.56241184,361,2.0
ether-fi-staked-btc,ebtc,Ether.fi Staked BTC,205,3,4,10,10,10,0,6,0.024323681390636797,0.06072048228657537,4,13.589818118695952,10,74.84684423112255,26.45953955219465,,375385802.30823296,42,6.1875
binance-peg-busd,busd,Binance-Peg BUSD,206,8,4,0,0,6,5,6,0.0031033312044389835,0.011302793988759911,4,0.20885437273203689,0,55.09051190193613,12.04696302038868,0.0030847473726725028,369165986.6477801,361,4.125
echelon-prime,prime,Echelon Prime,207,0,1,0,10,10,0,6,0.06396817956023,0.6931995287595704,1,-9.511036116918802,10,49.44641863242368,28.59184493126181,-14.195351423568702,364888174.9643283,361,3.375
ethereum-pow-iou,ethw,EthereumPoW,208,0,0,10,10,10,10,6,0.06807668719009712,0.9248148728282252,0,36.12651611847231,10,55.63540199321637,27.94293629790453,8.67412124948137,364097918.5302848,361,6.375
celo,celo,Celo,209,0,0,10,10,10,5,6,0.04974985932447723,0.7996519014909707,0,12.604756077810375,10,50.42723641941523,37.09438231262033,0.1442940832816264,359239435.8735116,361,5.75
staked-frax-ether,sfrxeth,Staked Frax Ether,210,0,0,10,10,10,7,6,0.0277487201584806,0.2187874144142469,0,20.74929143272648,10,75.97216609953219,46.324359854861385,2.62840372193458,359176990.0434583,361,6.0
virtual-protocol,virtual,Virtuals Protocol,211,0,0,10,10,0,10,6,0.10437021162816457,6.126751852032203,0,479.09024406225996,10,45.572765401709674,0.0,128.11989508631578,358759037.6884118,319,5.125
1inch,1inch,1inch,212,0,4,4,0,10,2,6,0.04756565128737025,0.33945337161959077,4,4.223034479411658,0,61.8681983196242,38.413847337577465,-2.9821709951506126,348945567.90124446,361,3.5
ether-fi,ethfi,Ether.fi,213,0,6,10,10,10,3,6,0.055126635923395825,0.367300551195417,6,14.43190459246102,10,64.85008123518412,41.3643475974942,-1.911198035611117,347772389.88788754,238,6.25
safepal,sfp,SafePal,214,0,6,0,0,10,0,6,0.02261242036772035,0.1794202629684028,6,-4.914102349485805,0,53.911187875453834,30.702390961977287,-4.0525403138346405,345885257.7987221,361,2.75
memecoin-2,meme,Memecoin,215,0,2,4,10,0,0,6,0.07066359024452214,0.5732019839303372,2,4.705100795809658,10,33.94284293878164,1.7161925385818932,6.031744121246674,344859632.096763,361,3.0
dymension,dym,Dymension,216,0,5,4,0,10,0,6,0.07050518287281872,0.5020245678008528,5,4.749144365313662,0,59.268801163971965,42.59086713418048,-5.612306578002246,344749276.69320357,280,3.375
usual-usd,usd0,Usual USD,217,9,2,0,10,4,0,6,0.0010664219537060361,0.00441962788606126,2,-0.06650977455396889,10,48.615969171812196,9.496805764755607,-0.04496823363608904,344123317.6096109,124,4.4375
apu-s-club,apu,Apu Apustaja,218,0,6,10,10,10,10,6,0.10790047347985517,2.2370316994217134,6,153.234028117713,10,63.493836365397,39.89013063575695,41.928015738364245,344536266.59309095,243,7.125
curve-dao-token,crv,Curve DAO,219,0,6,0,0,10,0,6,0.04776188618272377,0.4128506420615103,6,-1.001512813493488,0,68.09300381456417,41.281117105549015,-6.090495184697264,341223114.51445484,361,2.75
liquid-staked-ethereum,lseth,Liquid Staked ETH,220,0,0,10,0,10,7,6,0.027689959113699737,0.21389888900272655,0,20.915224534096332,0,75.74699564433018,43.70033604585406,2.910597422598804,333018065.19341904,361,4.75
wemix-token,wemix,WEMIX,221,0,4,0,0,10,0,6,0.03307563914220693,0.3200108429539593,4,-5.1466669580175095,0,63.593632327699545,40.52820074888863,-7.312921802081373,329356056.5104279,361,2.5
dogs-2,dogs,Dogs,222,0,5,0,0,10,0,6,0.06636265880702735,0.34081949625773333,5,-11.593066156318121,0,55.220240996509744,36.10539377773418,-19.499178468805734,326119002.54385555,77,2.625
holotoken,hot,Holo,223,0,1,8,2,10,4,6,0.05097772842850921,0.43293739935018527,1,8.271474692914737,2,61.05827611031669,33.837869592835155,-0.25150897239808456,312889231.4015806,361,4.375
constitutiondao,people,ConstitutionDAO,224,0,6,0,10,7,0,6,0.06370441615716733,0.5768708265407788,6,-6.164630935891702,10,41.10469938920651,15.995301160384749,0.0663157837051509,323415694.49795765,361,3.625
chex-token,chex,CHEX Token,225,0,0,10,10,5,10,6,0.05943716831929795,1.3936563583490087,0,134.87538179438968,10,61.979077394661864,10.866964047091123,45.03154544005685,320196713.90539837,361,5.75
tbtc,tbtc,tBTC,226,0,3,10,10,10,10,6,0.021570743812783646,0.24372713452556263,3,23.963479304139202,10,74.35129800900404,24.855399524018743,7.2763264675336,320016351.32451713,361,6.75
aleo,aleo,ALEO,227,0,6,0,0,10,0,6,0.08127478561609809,0.4703455160734681,6,-33.907085462071095,0,38.743936955170675,26.90045164944656,,318873245.3273223,53,2.75
golem,glm,Golem,228,0,0,2,0,10,0,6,0.039112803862963216,0.3786136787389736,0,2.000694145199833,0,55.46835736388639,34.30863664347837,-3.220119457169801,316903036.1897573,361,2.375
osmosis,osmo,Osmosis,229,0,6,0,0,10,0,6,0.043305607493331136,0.6415277218859846,6,-4.365031580889422,0,54.65299858715511,43.89990746036396,-11.590652105381116,315217604.17565256,361,2.75
amp-token,amp,Amp,230,0,0,0,0,10,2,6,0.03101910425043994,0.24224098132119704,0,0.22916557015943972,0,55.91751661427139,40.49958847011642,-2.4206316267246453,313490229.491426,361,2.25
compound-wrapped-btc,cwbtc,cWBTC,231,0,0,10,0,10,10,6,0.021714484886396275,0.24314664007886846,0,24.06597190352786,0,74.57570749578863,24.910322904838893,7.391893670062477,309295505.13220024,361,5.125
moo-deng,moodeng,Moo Deng,232,0,0,10,0,0,0,6,0.537491662223269,1.7093354423408575,0,178.56802797884376,0,57.03994940806522,0.1447701188280135,,307868086.90440345,53,2.625
metaplex,mplx,Metaplex,233,0,0,10,10,9,0,6,0.053110050729486824,0.7925025174077793,0,16.528265994657776,10,51.368627385879165,18.91921282158978,5.10184941249523,307412299.23417675,361,5.0
origintrail,trac,OriginTrail,234,0,5,10,10,10,10,6,0.04640811965365554,0.41031017260523434,5,48.99291434115074,10,84.04768853446303,24.771053773172156,6.188374895019022,316415658.04793817,361,7.0
polygon-bridged-wbtc-polygon-pos,wbtc,Polygon Bridged WBTC (Polygon POS),235,0,5,10,10,10,10,6,0.018734423165981555,0.13696706591518693,5,18.98166893495421,10,75.24544464978379,25.960439303893146,7.409688345642129,298829314.834454,99,7.0
aevo-exchange,aevo,Aevo,236,0,7,0,0,10,0,6,0.052344760250822575,0.40022526978969036,7,-5.989121472530579,0,52.95061275279496,36.301045527664364,-6.539826141747107,295476626.35508204,243,2.875
verus-coin,vrsc,Verus,237,0,0,10,0,10,10,6,0.09403897629290395,1.116788110032846,0,51.99547804671229,0,60.47220140964741,24.82261608203656,10.34794468773943,292614621.8742138,361,5.125
dash,dash,Dash,238,0,5,0,0,10,0,6,0.024341466641972523,0.21641812167342936,5,-2.1778190891166505,0,64.03558521439365,35.64396382251087,-4.093015241612685,286646884.7379181,361,2.625
manta-network,manta,Manta Network,239,0,5,2,10,10,0,6,0.04853059683735997,0.4557326204477088,5,2.02167255569925,10,61.4467075068995,39.94685630334739,-7.86589734418166,288436667.30594987,298,4.25
zilliqa,zil,Zilliqa,240,0,7,5,10,10,3,6,0.03154250843304121,0.29163585553294813,7,5.13644207998929,10,60.05226343383531,35.26880063814379,-1.5501170663921093,286999206.12057877,361,5.4375
metis-token,metis,Metis,241,0,3,10,10,10,10,6,0.052859042635964346,0.5124910465285213,3,32.931356761052896,10,65.26420103358092,31.060396294033097,9.2844449749377,285514442.0808734,361,6.75
0x,zrx,0x Protocol,242,0,2,6,10,10,5,6,0.03503249819308909,0.3285064131290235,2,6.905863903869913,10,56.70508708415247,36.82290492281416,0.6792548212179339,284388064.8271643,361,5.25
benqi-liquid-staked-avax,savax,BENQI Liquid Staked AVAX,243,0,3,10,10,10,3,6,0.03702635034781881,0.41052876992221954,3,17.247605652263644,10,66.37162588623875,43.707346968877886,-1.889021241460176,284070606.03066605,361,5.875
mimblewimblecoin,mwc,MimbleWimbleCoin,244,0,0,10,10,10,10,6,0.2970505433082226,0.9121140443899651,0,40.74187844501338,10,71.77520474560343,29.749445041871837,10.962010472841332,283988450.5195521,361,6.375
just,jst,JUST,245,0,6,0,0,7,0,6,0.021380242940125214,0.22638616472588685,6,-2.081303675375057,0,45.84509735667075,15.126923648348011,-0.4207670994299417,283602816.0377376,361,2.375
kusama,ksm,Kusama,246,0,7,0,1,10,0,6,0.03784810829321279,0.31628894815630026,7,-6.480104325262548,1,57.249448663033924,36.28996831503412,-8.708453032586338,280280858.4392435,361,3.0
pumpbtc,pumpbtc,pumpBTC,247,0,0,10,10,10,10,6,0.01960812658731937,0.18641037448667314,0,20.526738887906927,10,75.72064231419574,25.317764522575935,8.116956123415232,278889149.51559794,114,6.375
ponke,ponke,PONKE,248,0,6,10,10,8,10,6,0.0684338159426659,0.714605139641886,6,57.695423237573216,10,64.7387425855221,16.169355473275296,23.15913517747614,277728996.1603614,323,6.875
mx-token,mx,MX,249,0,5,0,10,10,0,6,0.025184110733096104,0.36120430530094555,5,-19.664303427810694,10,49.476225164689346,22.765224890956354,-12.359553236324805,273484927.04664904,361,3.875
enjincoin,enj,Enjin Coin,250,0,7,4,10,10,2,6,0.04008285260122817,0.31921989029259057,7,4.4922580411865365,10,58.98085644278422,36.48723805541655,-2.645347577610302,273506337.81089467,361,5.125
nosana,nos,Nosana,251,0,0,10,10,0,10,6,0.0850180040422646,1.1908936889691932,0,76.50859734188771,10,44.04462576834976,0.0,35.393593394988955,279189552.9408252,361,5.125
siacoin,sc,Siacoin,252,0,0,0,10,10,0,6,0.02937208074628318,0.26085018211229144,0,0.9628834201250269,10,48.21913166820697,27.69559408255904,-1.2286308595118367,267734431.6157229,361,3.25
solayer-staked-sol,ssol,Solayer Staked SOL,253,0,1,10,0,10,10,6,0.03197313574728371,0.2529535569765823,1,31.54801388056221,0,71.34694709119373,28.450125503498626,12.837297178333218,269337870.3386511,75,5.25
mask-network,mask,Mask Network,254,0,5,10,10,5,10,6,0.03728318634458431,0.28789720106193645,5,22.094012939174256,10,56.934572085613055,10.497636724413944,8.060849976276984,268931915.3454201,361,6.375
polymesh,polyx,Polymesh,255,0,2,4,0,10,1,6,0.038650043882516756,0.3434469262936197,2,4.224352702354839,0,57.697850708432554,37.314249507871764,-3.549111877091171,267136092.96924165,361,3.125
ravencoin,rvn,Ravencoin,256,0,0,8,5,10,5,6,0.048772187047516576,0.3436881002505614,0,8.114731408079834,5,57.148807597502646,20.969504233660345,0.3947758594768258,266509672.95008272,361,4.75
ankr,ankr,Ankr Network,257,0,5,0,6,10,0,6,0.03420573177334534,0.3448443912496462,5,-0.7950358922685585,6,57.17680476472629,34.37181518747345,-5.24481764337581,260233619.3792084,361,3.375
aelf,elf,aelf,258,0,4,0,0,10,0,6,0.024208660133745362,0.20000942494508742,4,-5.648620472568888,0,55.40316881035036,36.60624117567301,-4.956748444272307,262993346.19538516,361,2.5
paal-ai,paal,PAAL AI,259,0,5,10,10,10,8,6,0.07162316001030512,0.7091287026600234,5,55.72575674079485,10,78.41145181324147,46.9791366684797,3.001277506610567,265994812.93255076,361,6.75
basic-attention-token,bat,Basic Attention,260,0,7,0,10,10,0,6,0.029236157886351307,0.25907966606373006,7,-1.860438130665809,10,57.750787294537176,32.981169609123,-4.788498056617108,253921452.73544675,361,4.125
gmx,gmx,GMX,261,0,1,9,10,10,3,6,0.04250738788070575,0.40701482775771924,1,9.221780353099884,10,68.84769027408818,34.06791065673244,-1.997376533972628,259311262.7628839,361,5.4375
qtum,qtum,Qtum,262,0,6,2,0,10,1,6,0.032000396732816294,0.2685722878819228,6,2.8521962971351345,0,63.761470188659445,41.27499464108874,-3.8552092854232667,258260918.91594952,361,3.25
rune-pups,pups,PUPS•WORLD•PEACE,264,0,0,10,10,10,10,6,0.17782540869052033,2.4337183563342215,0,257.53613986160656,10,73.00956938854515,30.587996065366873,43.07587906840187,257508433.6110773,167,6.375
olympus,ohm,Olympus,265,0,2,7,10,7,6,6,0.01355343957511739,0.16823927546207185,2,7.390380978205013,10,53.05040838648963,14.80316721763532,1.7638443703783535,257010482.1539021,361,5.1875
gas,gas,Gas,266,0,0,6,0,10,4,6,0.04007591313473847,0.40956710890026915,0,6.800717890042929,0,51.96525654806297,33.20253943969196,-0.4347967158307653,257008246.09747174,361,3.625
altlayer,alt,AltLayer,267,0,2,9,6,10,0,6,0.07035092998236303,0.6181117408479108,2,9.83662049357319,6,63.19791817920863,42.135623977229,-6.590447832344736,254970997.60940814,290,4.6875
ultima,ultima,Ultima,268,0,7,0,0,6,0,6,0.035366235777011874,0.36338277120904694,7,-11.219341286962392,0,39.898782192415474,12.054758773858829,-2.8511721049779615,254343442.62754485,361,2.375
coinex-token,cet,CoinEx,269,0,0,10,0,3,0,6,0.022624368042857876,0.4438640083933556,0,12.9730243989584,0,28.834930923384164,6.1067268670989705,5.566471759533176,253534007.27680582,359,3.0
amnis-aptos,amapt,Amnis Aptos,270,0,5,10,0,10,10,6,0.05036222340547735,0.6385446671842522,5,30.626669207714908,0,55.67356923610681,25.031392794669806,9.194929648462313,248111181.15725505,361,5.75
simon-s-cat,cat,Simon's Cat,271,0,0,10,10,10,7,6,0.11267868392632807,0.5915177407082369,0,21.911472523007667,10,52.81897678310274,23.05431982532302,2.6978869411955264,245445456.06839558,81,6.0
harrypotterobamasonic10in,bitcoin,HarryPotterObamaSonic10Inu (ETH),272,0,0,10,10,10,0,6,0.12424549110773553,1.9184036854211914,0,68.09438560282453,10,51.9284945984308,23.417166133259826,27.37751371335031,246426898.4159879,361,5.125
bridged-wrapped-ether-starkgate,eth,Bridged Ether (StarkGate),273,0,2,10,10,10,7,6,0.028304397653927022,0.22101505249546113,2,20.400101768505372,10,75.39809561097906,43.84621618656551,2.561140210039148,246121649.6998724,361,6.25
io,io,io.net,274,0,6,6,10,10,0,6,0.05857491200437804,0.4657189946312751,6,6.18523136931568,10,61.0933548271366,32.88801702672006,-5.8622515416516086,233444802.88634852,153,5.125
terra-luna-2,luna,Terra,275,0,2,0,0,10,0,6,0.04186972766900862,0.3682172041143103,2,-3.1875813592248448,0,57.723148060170395,33.29867621113356,-7.539731167727181,243442017.69314972,361,2.25
osaka-protocol,osak,Osaka Protocol,276,0,4,10,5,9,0,6,0.051303440134481446,0.6814591890339093,4,10.02906858268795,5,47.0609112169714,18.890667653844012,-2.9358656338626,240252304.14001405,361,4.875
quorium,qgold,Quorium,277,0,3,3,0,1,0,6,0.00605766441295349,0.1101723846357224,3,3.854549506169458,0,37.1820125012991,3.783364542283678,2.1677687244790134,239896308.56940663,334,1.8125
biconomy,bico,Biconomy,278,0,6,10,10,10,3,6,0.044131776282155685,0.4678828095481261,6,17.46986725834001,10,73.56714225567282,42.00742600652842,-1.4123100789258713,237050787.54991665,361,6.25
avail,avail,Avail,279,0,5,0,0,10,0,6,0.04193054377803318,0.31863722997598803,5,-8.247007261286655,0,54.780195364130904,40.72693789651633,-10.32846356749788,236643000.47541362,111,2.625
non-playable-coin,npc,Non-Playable Coin,280,0,5,10,10,5,0,6,0.07876068008835728,1.0752718448505043,5,27.085882930627193,10,44.26232850428765,10.426535640505065,11.803860446593761,236521345.49421912,361,5.125
rocket-pool,rpl,Rocket Pool,281,0,1,2,0,10,3,6,0.055210055818319406,0.5148136403446952,1,2.399912350583877,0,58.37006108213498,36.6940140947727,-1.884457007476814,234831771.4803505,361,2.875
delysium,agi,Delysium,282,0,0,10,10,10,6,6,0.06129648218584202,0.6499521448994398,0,28.242289644171457,10,68.64229073112216,42.751849507160955,1.8468819998896047,234262785.3206241,361,5.875
project-galaxy,gal,Galxe,283,0,0,0,10,10,0,6,0.04338079202685656,0.40930118203959587,0,-16.143362162557494,10,51.93620726756712,22.317143365970672,-10.549167126889769,233887727.41911358,361,3.25
mantle-bridged-usdt-mantle,usdt,Mantle Bridged USDT (Mantle),284,8,4,0,10,9,4,6,0.003480995454433342,0.01493206396049466,4,0.28588781028602295,10,58.00443133772523,19.793070120265135,-0.018066586335696577,230923887.11844897,278,5.625
singularitynet,agix,SingularityNET,285,0,0,8,0,10,0,6,0.05678459228486678,0.6550251774692858,0,8.284978208040261,0,62.81240878356901,37.749583137197476,-8.320203377195945,229176289.32445478,361,3.5
wrapped-beacon-eth,wbeth,Wrapped Beacon ETH,286,0,3,10,10,10,7,6,0.02791769544452089,0.21432032160856979,3,20.750147487183135,10,75.86820314938157,44.04578023129973,2.7022240259619634,226796476.4533869,361,6.375
maple,mpl,Maple,287,0,4,10,10,5,10,6,0.0429518842833279,0.37945081090110017,4,66.23857759306577,10,64.16129601891454,11.748744986555906,15.276599349741439,226507342.4837345,361,6.25
kamino,kmno,Kamino,288,0,2,10,10,10,10,6,0.07892727282570391,0.9925632183319918,2,147.02880328797144,10,79.89411664617504,48.51048771424155,17.91461652238113,227165452.99468866,195,6.625
aethir,ath,Aethir,289,0,4,0,0,10,0,6,0.043087768043925695,0.4296879939323354,4,-4.4241710158344,0,60.25252756355731,33.51818414999869,-11.657925950337455,217235313.66793042,152,2.5
cetus-protocol,cetus,Cetus Protocol,290,0,1,10,10,10,10,6,0.07845123506074803,1.6402721398340596,1,241.42216900318334,10,82.66942823563014,55.84022953953183,24.877927305750735,222542017.05348304,361,6.5
saga-2,saga,Saga,291,0,4,5,0,10,0,6,0.0827256716494561,1.0713589543115263,4,5.785032316174665,0,54.78769927113831,48.25989765881464,-9.346097459391933,222323148.25217697,216,3.4375
michicoin,$michi,michi,292,0,3,10,10,10,10,6,0.10171659902069169,1.476656678935686,3,123.41453065149031,10,71.65454758833145,25.64494224647445,29.803715072016978,223288966.61939365,201,6.75
threshold-network-token,t,Threshold Network,293,0,5,0,0,10,0,6,0.034648337982296544,0.3051044425656358,5,-4.517157146051831,0,47.468129152192446,31.759611743045554,-4.974785209631472,220541114.18751344,361,2.625
retardio,retardio,RETARDIO,294,0,0,10,10,10,10,6,0.13521613711953415,2.1587539885260574,0,205.39071115877158,10,76.4431952746152,48.9159356775515,44.290648198664684,221647982.26462224,250,6.375
g-token,g,Gravity,295,0,7,0,0,10,0,6,0.03288305684001784,0.3258681464066942,7,-13.19629047050862,0,51.39914374339177,28.70392328484217,-10.928994509366618,220112979.51199254,116,2.875
nxm,nxm,Nexus Mutual,296,0,0,10,0,10,6,6,0.02927116886920996,0.20754446727536247,0,11.663571020566632,0,62.00051269777676,28.243947616706002,1.7652674954278025,220147701.71077573,361,4.625
orca,orca,Orca,297,0,2,10,10,10,10,6,0.0380329838259418,0.42051773588894276,2,95.61909818327676,10,74.54539953899206,26.854696660634673,18.46310621825309,216763491.89071783,361,6.625
illuvium,ilv,Illuvium,298,0,5,0,10,10,0,6,0.04521379662190152,0.38852087700686033,5,-9.790239171764748,10,54.22509004176759,30.281941921021712,-6.193960604738469,215957953.1679516,361,3.875
moonwell-artemis,well,Moonwell,299,0,0,10,10,0,0,6,0.09369586858684639,3.0656877434058405,0,145.192794369361,10,35.33320356850233,0.0,60.98351006886051,215368478.59375846,361,3.875
department-of-government-efficiency,doge,Department Of Government Efficiency,300,0,5,10,10,10,10,6,0.2344810974453157,1.6115155923770261,5,868.8728509381058,10,86.22342781101187,38.78711429722538,107.48748018522218,211901188.4253059,81,7.0
