id,symbol,name,historical_data
bitcoin,btc,Bitcoin,"{""price"": {""2024-09-06:09-01-42"": 55782.3739501078, ""2024-09-07:09-06-30"": 54358.7101299629, ""2024-09-08:09-23-18"": 54563.2383807909, ""2024-09-09:09-09-24"": 55430.4615404494, ""2024-09-10:09-19-42"": 56991.0631129947, ""2024-09-11:09-21-22"": 56614.2892268853, ""2024-09-12:09-24-37"": 58215.3995189784, ""2024-09-13:09-00-18"": 57949.0642699431, ""2024-09-14:09-25-36"": 59968.4169699846, ""2024-09-15:09-18-37"": 60070.6997081373, ""2024-09-16:09-11-46"": 58982.5254392561, ""2024-09-17:09-21-58"": 58722.1625384735, ""2024-09-18:09-05-59"": 60194.6557237078, ""2024-09-19:09-19-00"": 62142.5519539995, ""2024-09-20:03-08-43"": 63246.9183494658}}"
ethereum,eth,Ethereum,"{""price"": {""2024-09-06:09-23-36"": 2347.4974683535, ""2024-09-07:09-05-40"": 2295.4568849763, ""2024-09-08:09-21-43"": 2299.7565269014, ""2024-09-09:09-09-33"": 2330.3703237594, ""2024-09-10:09-20-23"": 2347.3529969961, ""2024-09-11:09-22-26"": 2331.1108204555, ""2024-09-12:09-07-54"": 2356.2668383861, ""2024-09-13:09-02-07"": 2343.7319949155, ""2024-09-14:09-06-39"": 2417.4416972921, ""2024-09-15:09-19-08"": 2413.282990973, ""2024-09-16:09-13-19"": 2317.5564923155, ""2024-09-17:09-24-28"": 2303.5954143764, ""2024-09-18:09-06-14"": 2318.1898548771, ""2024-09-19:09-18-36"": 2438.0779435787, ""2024-09-20:03-02-48"": 2456.5922369587}}"
tether,usdt,Tether,"{""price"": {""2024-09-06:09-26-31"": 0.9998133889, ""2024-09-07:09-10-59"": 0.9998838717, ""2024-09-08:09-16-00"": 0.9999109658, ""2024-09-09:09-21-20"": 0.9997709466, ""2024-09-10:09-21-45"": 1.0003481575, ""2024-09-11:09-02-22"": 1.0000067347, ""2024-09-12:09-06-09"": 0.9994001511, ""2024-09-13:09-03-44"": 0.9998808368, ""2024-09-14:09-20-58"": 1.0001322323, ""2024-09-15:09-19-15"": 0.99998912, ""2024-09-16:09-05-14"": 0.999528502, ""2024-09-17:09-19-10"": 0.998027238, ""2024-09-18:09-24-49"": 0.9999789548, ""2024-09-19:09-18-21"": 1.000992026, ""2024-09-20:03-13-08"": 1.0005785611}}"
binancecoin,bnb,BNB,"{""price"": {""2024-09-06:09-23-49"": 502.4767478371, ""2024-09-07:09-29-01"": 493.8946766986, ""2024-09-08:09-21-40"": 503.7994269546, ""2024-09-09:09-09-51"": 509.2638866825, ""2024-09-10:09-13-15"": 518.7430291284, ""2024-09-11:09-16-46"": 511.6750965524, ""2024-09-12:09-07-02"": 543.0611250231, ""2024-09-13:09-00-25"": 540.7401466848, ""2024-09-14:09-26-50"": 552.4947974976, ""2024-09-15:09-11-28"": 554.2047479818, ""2024-09-16:09-13-53"": 549.576976393, ""2024-09-17:09-19-02"": 538.477990931, ""2024-09-18:09-26-02"": 542.940030952, ""2024-09-19:09-10-26"": 554.4381472223, ""2024-09-20:03-02-22"": 564.408940397}}"
solana,sol,Solana,"{""price"": {""2024-09-06:09-04-48"": 128.4623259667, ""2024-09-07:09-07-15"": 127.4715201305, ""2024-09-08:09-22-42"": 130.335734042, ""2024-09-09:09-08-50"": 130.2898449639, ""2024-09-10:09-09-15"": 134.3051263218, ""2024-09-11:09-10-46"": 131.636313968, ""2024-09-12:09-25-51"": 134.8231584502, ""2024-09-13:09-16-19"": 134.0853081958, ""2024-09-14:09-25-43"": 137.2307437252, ""2024-09-15:09-12-08"": 136.7780613786, ""2024-09-16:09-12-13"": 132.0633369017, ""2024-09-17:09-17-43"": 132.1516125666, ""2024-09-18:09-06-31"": 130.6336180496, ""2024-09-19:09-16-12"": 138.6829515629, ""2024-09-20:02-25-42"": 141.825113235}}"
usd-coin,usdc,USDC,"{""price"": {""2024-09-06:09-21-42"": 0.9992049636, ""2024-09-07:09-27-26"": 1.0003133962, ""2024-09-08:09-24-44"": 0.999501636, ""2024-09-09:09-18-42"": 0.9993223982, ""2024-09-10:09-24-49"": 1.0002101234, ""2024-09-11:09-22-48"": 1.0004335922, ""2024-09-12:09-15-46"": 1.0003892607, ""2024-09-13:09-01-27"": 0.9998039843, ""2024-09-14:09-26-18"": 0.9996458571, ""2024-09-15:09-06-53"": 0.999861888, ""2024-09-16:09-04-38"": 0.9996976875, ""2024-09-17:09-17-08"": 0.9984121495, ""2024-09-18:09-25-27"": 0.9995770424, ""2024-09-19:09-04-32"": 0.9999143831, ""2024-09-20:03-02-26"": 1.0007546696}}"
ripple,xrp,XRP,"{""price"": {""2024-09-06:09-16-21"": 0.5361305216, ""2024-09-07:09-10-01"": 0.5283183593, ""2024-09-08:09-18-17"": 0.5309068542, ""2024-09-09:09-09-10"": 0.5325247007, ""2024-09-10:09-21-40"": 0.537709347, ""2024-09-11:09-07-36"": 0.5327325021, ""2024-09-12:09-05-50"": 0.5367232853, ""2024-09-13:09-11-47"": 0.5685798804, ""2024-09-14:09-03-53"": 0.5832657942, ""2024-09-15:09-11-15"": 0.5879651973, ""2024-09-16:09-25-53"": 0.572155791, ""2024-09-17:09-16-19"": 0.5870588557, ""2024-09-18:09-02-12"": 0.5764150642, ""2024-09-19:09-09-16"": 0.5831537947, ""2024-09-20:02-10-49"": 0.5820493991}}"
staked-ether,steth,Lido Staked Ether,"{""price"": {""2024-09-06:09-18-26"": 2347.0440266507, ""2024-09-07:09-24-05"": 2285.9850829654, ""2024-09-08:09-02-55"": 2293.3606022892, ""2024-09-09:09-11-25"": 2327.6450204989, ""2024-09-10:09-13-06"": 2348.2170289976, ""2024-09-11:09-07-57"": 2325.5565707674, ""2024-09-12:09-17-43"": 2363.0075209395, ""2024-09-13:09-00-31"": 2350.5688386638, ""2024-09-14:09-27-25"": 2417.2372316016, ""2024-09-15:09-07-09"": 2415.7089176035, ""2024-09-16:09-01-19"": 2313.0846388069, ""2024-09-17:09-24-07"": 2302.3492811661, ""2024-09-18:09-25-47"": 2314.2343124491, ""2024-09-19:09-18-15"": 2435.8810569811, ""2024-09-20:03-07-17"": 2458.9014507346}}"
dogecoin,doge,Dogecoin,"{""price"": {""2024-09-06:09-08-15"": 0.0976999085, ""2024-09-07:09-06-17"": 0.0941949039, ""2024-09-08:09-20-42"": 0.0962666804, ""2024-09-09:09-03-35"": 0.0976652204, ""2024-09-10:09-17-31"": 0.1040438082, ""2024-09-11:09-21-38"": 0.1006213902, ""2024-09-12:09-25-53"": 0.1023048102, ""2024-09-13:09-10-56"": 0.1039637223, ""2024-09-14:09-11-52"": 0.1066107576, ""2024-09-15:09-18-24"": 0.1053518179, ""2024-09-16:09-25-53"": 0.1025415568, ""2024-09-17:09-16-55"": 0.1004839019, ""2024-09-18:09-23-26"": 0.1007009747, ""2024-09-19:09-12-49"": 0.1044729392, ""2024-09-20:02-23-26"": 0.1042291029}}"
the-open-network,ton,Toncoin,"{""price"": {""2024-09-06:09-02-41"": 4.7917134196, ""2024-09-07:09-07-04"": 4.6347035049, ""2024-09-08:09-22-43"": 4.7272200157, ""2024-09-09:09-06-27"": 5.0692827208, ""2024-09-10:09-19-48"": 5.2476751925, ""2024-09-11:09-21-29"": 5.2487053592, ""2024-09-12:09-21-08"": 5.3913087756, ""2024-09-13:09-00-30"": 5.5291000617, ""2024-09-14:09-25-48"": 5.8033352697, ""2024-09-15:09-19-40"": 5.6632697714, ""2024-09-16:09-12-04"": 5.5610439697, ""2024-09-17:09-23-51"": 5.4753625438, ""2024-09-18:09-24-17"": 5.5147936912, ""2024-09-19:09-20-44"": 5.7247487709, ""2024-09-20:03-25-07"": 5.7028937163}}"
tron,trx,TRON,"{""price"": {""2024-09-06:09-10-36"": 0.1490950498, ""2024-09-07:09-27-25"": 0.1499311399, ""2024-09-08:09-16-13"": 0.1513237156, ""2024-09-09:09-04-39"": 0.1539918424, ""2024-09-10:09-12-04"": 0.1528214131, ""2024-09-11:09-02-53"": 0.1522747264, ""2024-09-12:09-23-09"": 0.1542109312, ""2024-09-13:09-00-30"": 0.1509713283, ""2024-09-14:09-10-02"": 0.1483098841, ""2024-09-15:09-19-05"": 0.1472455206, ""2024-09-16:09-04-38"": 0.1484929266, ""2024-09-17:09-17-34"": 0.1497040833, ""2024-09-18:09-11-51"": 0.1498230008, ""2024-09-19:09-05-47"": 0.1502747689, ""2024-09-20:03-05-45"": 0.1523458704}}"
cardano,ada,Cardano,"{""price"": {""2024-09-06:09-13-30"": 0.3189481461, ""2024-09-07:09-28-48"": 0.320825327, ""2024-09-08:09-18-21"": 0.3372083832, ""2024-09-09:09-07-04"": 0.3410637165, ""2024-09-10:09-16-21"": 0.3407358351, ""2024-09-11:09-11-39"": 0.3362415599, ""2024-09-12:09-04-05"": 0.3578078675, ""2024-09-13:09-00-20"": 0.3554787665, ""2024-09-14:09-19-46"": 0.357964831, ""2024-09-15:09-25-24"": 0.3534284731, ""2024-09-16:09-00-30"": 0.335639703, ""2024-09-17:09-19-12"": 0.3338101751, ""2024-09-18:09-03-06"": 0.3320018007, ""2024-09-19:09-05-41"": 0.3470459133, ""2024-09-20:03-25-15"": 0.356396279}}"
avalanche-2,avax,Avalanche,"{""price"": {""2024-09-06:09-23-44"": 21.5636533188, ""2024-09-07:09-11-11"": 21.6624463186, ""2024-09-08:09-19-35"": 23.1004185026, ""2024-09-09:09-09-35"": 24.2254882865, ""2024-09-10:09-13-30"": 23.7270951547, ""2024-09-11:09-17-53"": 23.4986713144, ""2024-09-12:09-23-30"": 23.716398225, ""2024-09-13:09-07-11"": 23.705049192, ""2024-09-14:09-12-13"": 24.8367754573, ""2024-09-15:09-17-58"": 24.7322193524, ""2024-09-16:09-09-30"": 24.0832879813, ""2024-09-17:09-21-00"": 23.7206281392, ""2024-09-18:09-02-56"": 23.4828242492, ""2024-09-19:09-24-31"": 26.0811318762, ""2024-09-20:03-09-32"": 27.1559889215}}"
wrapped-steth,wsteth,Wrapped stETH,"{""price"": {""2024-09-06:09-13-08"": 2764.9174944025, ""2024-09-07:09-25-49"": 2695.6664824399, ""2024-09-08:09-09-04"": 2706.4411184939, ""2024-09-09:09-04-30"": 2735.4236747641, ""2024-09-10:09-13-36"": 2767.6765046093, ""2024-09-11:09-00-15"": 2740.1840928018, ""2024-09-12:09-06-31"": 2782.3232765471, ""2024-09-13:09-02-05"": 2762.4803348146, ""2024-09-14:09-09-58"": 2857.6589441345, ""2024-09-15:09-07-20"": 2848.5014508403, ""2024-09-16:09-01-36"": 2734.6392756484, ""2024-09-17:09-20-30"": 2715.2786830876, ""2024-09-18:09-16-30"": 2736.0017384847, ""2024-09-19:09-26-02"": 2866.3576224659, ""2024-09-20:03-14-11"": 2897.5829382408}}"
wrapped-bitcoin,wbtc,Wrapped Bitcoin,"{""price"": {""2024-09-06:09-27-27"": 55674.4873977758, ""2024-09-07:09-22-08"": 54230.7023519891, ""2024-09-08:09-12-41"": 54509.1570172719, ""2024-09-09:09-21-48"": 55373.3440440668, ""2024-09-10:09-13-35"": 56954.5211070316, ""2024-09-11:09-06-22"": 56405.2994287472, ""2024-09-12:09-24-51"": 58207.3079560902, ""2024-09-13:09-00-30"": 57996.1127747424, ""2024-09-14:09-09-26"": 60062.5056286641, ""2024-09-15:09-07-36"": 60048.3864299979, ""2024-09-16:09-21-17"": 59051.83430127, ""2024-09-17:09-22-55"": 58738.2222533989, ""2024-09-18:09-23-23"": 59978.5987200106, ""2024-09-19:09-07-40"": 61865.9690252516, ""2024-09-20:03-04-49"": 62924.7791345979}}"
shiba-inu,shib,Shiba Inu,"{""price"": {""2024-09-06:09-17-05"": 1.31592e-05, ""2024-09-07:09-28-52"": 1.2923e-05, ""2024-09-08:09-14-37"": 1.30205e-05, ""2024-09-09:09-26-02"": 1.3205e-05, ""2024-09-10:09-16-52"": 1.34837e-05, ""2024-09-11:09-25-41"": 1.32594e-05, ""2024-09-12:09-10-09"": 1.33914e-05, ""2024-09-13:09-08-06"": 1.34824e-05, ""2024-09-14:09-05-41"": 1.38249e-05, ""2024-09-15:09-22-21"": 1.37753e-05, ""2024-09-16:09-01-38"": 1.33501e-05, ""2024-09-17:09-16-50"": 1.3314e-05, ""2024-09-18:09-13-33"": 1.31915e-05, ""2024-09-19:09-13-14"": 1.42278e-05, ""2024-09-20:03-01-02"": 1.40776e-05}}"
weth,weth,WETH,"{""price"": {""2024-09-06:09-33-56"": 2350.086462818, ""2024-09-07:09-34-20"": 2286.0613904452, ""2024-09-08:09-34-09"": 2303.3552230109, ""2024-09-09:09-34-43"": 2328.7714032875, ""2024-09-10:09-29-48"": 2349.849207039, ""2024-09-11:09-30-25"": 2329.6639232275, ""2024-09-12:09-30-13"": 2359.7346351186, ""2024-09-13:09-00-29"": 2344.7995459308, ""2024-09-14:09-11-25"": 2420.1639903867, ""2024-09-15:09-08-17"": 2417.0050941907, ""2024-09-16:09-01-12"": 2322.8094415203, ""2024-09-17:09-01-11"": 2308.9418172513, ""2024-09-18:09-11-42"": 2317.7584048192, ""2024-09-19:09-18-35"": 2436.7901123665, ""2024-09-20:03-06-55"": 2457.9052340016}}"
chainlink,link,Chainlink,"{""price"": {""2024-09-06:09-26-47"": 9.9094042205, ""2024-09-07:09-04-06"": 9.9557492722, ""2024-09-08:09-16-33"": 10.3694046129, ""2024-09-09:09-14-47"": 10.7919420511, ""2024-09-10:09-14-02"": 10.4487418596, ""2024-09-11:09-18-33"": 10.4337461881, ""2024-09-12:09-26-42"": 10.6086408369, ""2024-09-13:09-00-29"": 10.7344174223, ""2024-09-14:09-13-45"": 11.3737870787, ""2024-09-15:09-08-50"": 11.2449501113, ""2024-09-16:09-16-45"": 10.7528103716, ""2024-09-17:09-10-14"": 10.6200487637, ""2024-09-18:09-01-56"": 10.5351777348, ""2024-09-19:09-16-43"": 11.1861684979, ""2024-09-20:02-16-58"": 11.23086702}}"
bitcoin-cash,bch,Bitcoin Cash,"{""price"": {""2024-09-06:09-41-22"": 310.0978314463, ""2024-09-07:09-41-43"": 301.4362809288, ""2024-09-08:09-41-48"": 304.2778102816, ""2024-09-09:09-42-34"": 311.5494450085, ""2024-09-10:09-37-00"": 323.7002240366, ""2024-09-11:09-37-30"": 327.4466055279, ""2024-09-12:09-37-30"": 334.9249425364, ""2024-09-13:09-31-25"": 329.5905336196, ""2024-09-14:09-39-42"": 330.7813632592, ""2024-09-15:09-42-38"": 326.3762744258, ""2024-09-16:09-42-35"": 314.1992053275, ""2024-09-17:09-40-58"": 312.4400435304, ""2024-09-18:09-40-17"": 311.7538106871, ""2024-09-19:09-43-54"": 346.3359955417, ""2024-09-20:03-07-21"": 340.1797556627}}"
polkadot,dot,Polkadot,"{""price"": {""2024-09-06:09-23-31"": 3.9750261587, ""2024-09-07:09-10-46"": 4.052805013, ""2024-09-08:09-14-30"": 4.1503131435, ""2024-09-09:09-07-54"": 4.1933745544, ""2024-09-10:09-19-39"": 4.212887946, ""2024-09-11:09-00-24"": 4.1170100081, ""2024-09-12:09-08-43"": 4.2105004701, ""2024-09-13:09-09-13"": 4.303216211, ""2024-09-14:09-26-28"": 4.3836677859, ""2024-09-15:09-04-55"": 4.4947123213, ""2024-09-16:09-23-23"": 4.3255883142, ""2024-09-17:09-20-45"": 4.1732678009, ""2024-09-18:09-02-34"": 4.1064682698, ""2024-09-19:09-06-12"": 4.188391186, ""2024-09-20:03-10-50"": 4.2798337845}}"
dai,dai,Dai,"{""price"": {""2024-09-06:09-22-49"": 0.9993187825, ""2024-09-07:09-23-51"": 0.9999979432, ""2024-09-08:09-02-57"": 1.0004348039, ""2024-09-09:09-00-36"": 1.0002581175, ""2024-09-10:09-07-09"": 0.9991817345, ""2024-09-11:09-05-31"": 1.000135003, ""2024-09-12:09-14-52"": 1.000633563, ""2024-09-13:09-19-05"": 1.0001819865, ""2024-09-14:09-11-48"": 0.9999140222, ""2024-09-15:09-08-51"": 0.999689638, ""2024-09-16:09-27-29"": 0.9999252745, ""2024-09-17:09-00-40"": 1.0000732834, ""2024-09-18:09-18-46"": 0.9997314913, ""2024-09-19:09-03-24"": 1.0000291592, ""2024-09-20:03-07-36"": 1.0009591017}}"
leo-token,leo,LEO Token,"{""price"": {""2024-09-06:09-01-40"": 5.5422196304, ""2024-09-07:09-09-40"": 5.3803246889, ""2024-09-08:09-24-17"": 5.3933713282, ""2024-09-09:09-12-18"": 5.3837030376, ""2024-09-10:09-16-35"": 5.5027094096, ""2024-09-11:09-24-55"": 5.5457791743, ""2024-09-12:09-17-40"": 5.6307722627, ""2024-09-13:09-00-29"": 5.5824920946, ""2024-09-14:09-12-39"": 5.7403402974, ""2024-09-15:09-08-34"": 5.6618397662, ""2024-09-16:09-06-01"": 5.7036903371, ""2024-09-17:09-25-00"": 5.7127985843, ""2024-09-18:09-14-22"": 5.7108878718, ""2024-09-19:09-26-35"": 5.6786103963, ""2024-09-20:03-25-25"": 5.7482667524}}"
uniswap,uni,Uniswap,"{""price"": {""2024-09-06:09-24-53"": 6.1989965745, ""2024-09-07:09-10-41"": 6.452715549, ""2024-09-08:09-04-47"": 6.4237530985, ""2024-09-09:09-04-08"": 6.6902534603, ""2024-09-10:09-07-10"": 6.503954045, ""2024-09-11:09-13-18"": 6.7561091925, ""2024-09-12:09-23-57"": 6.7376800799, ""2024-09-13:09-02-49"": 6.7159419842, ""2024-09-14:09-24-37"": 6.722902874, ""2024-09-15:09-16-50"": 6.7857971748, ""2024-09-16:09-26-09"": 6.4727646086, ""2024-09-17:09-22-02"": 6.6279882664, ""2024-09-18:09-02-27"": 6.5885109839, ""2024-09-19:09-11-56"": 6.7971147042, ""2024-09-20:02-16-50"": 6.7030197154}}"
litecoin,ltc,Litecoin,"{""price"": {""2024-09-06:09-28-17"": 65.2894435517, ""2024-09-07:09-10-41"": 63.751081753, ""2024-09-08:09-16-50"": 62.1155726785, ""2024-09-09:09-11-41"": 60.8544920651, ""2024-09-10:09-11-26"": 60.7933768367, ""2024-09-11:09-17-27"": 61.6878863514, ""2024-09-12:09-07-36"": 61.9433783022, ""2024-09-13:09-12-08"": 63.2478438923, ""2024-09-14:09-23-27"": 65.6391853234, ""2024-09-15:09-25-39"": 64.7584522637, ""2024-09-16:09-26-17"": 63.3273153296, ""2024-09-17:09-13-29"": 62.7566206375, ""2024-09-18:09-25-58"": 63.6458274034, ""2024-09-19:09-11-53"": 65.0507367268, ""2024-09-20:02-04-44"": 64.9752114395}}"
near,near,NEAR Protocol,"{""price"": {""2024-09-06:09-26-38"": 3.6243011864, ""2024-09-07:09-09-25"": 3.6447803468, ""2024-09-08:09-19-24"": 3.7881464782, ""2024-09-09:09-11-21"": 3.9015074281, ""2024-09-10:09-06-05"": 3.9944959157, ""2024-09-11:09-12-52"": 3.9091668635, ""2024-09-12:09-24-15"": 4.2183865865, ""2024-09-13:09-00-28"": 4.1781420718, ""2024-09-14:09-11-55"": 4.1945392946, ""2024-09-15:09-20-08"": 4.2392543663, ""2024-09-16:09-06-02"": 4.0129918561, ""2024-09-17:09-10-54"": 4.0691461698, ""2024-09-18:09-04-44"": 4.0268142746, ""2024-09-19:09-18-45"": 4.491841713, ""2024-09-20:03-04-43"": 4.3196924521}}"
kaspa,kas,Kaspa,"{""price"": {""2024-09-06:09-22-17"": 0.1455281055, ""2024-09-07:09-21-57"": 0.1485733007, ""2024-09-08:09-00-49"": 0.1514905986, ""2024-09-09:09-01-14"": 0.1511352731, ""2024-09-10:09-15-22"": 0.1626021147, ""2024-09-11:09-10-40"": 0.1620718734, ""2024-09-12:09-23-41"": 0.1693450037, ""2024-09-13:09-07-38"": 0.1639947231, ""2024-09-14:09-25-45"": 0.1696484873, ""2024-09-15:09-16-50"": 0.1795622975, ""2024-09-16:09-24-40"": 0.1706512947, ""2024-09-17:09-24-07"": 0.1724371239, ""2024-09-18:09-25-32"": 0.1707151267, ""2024-09-19:09-27-56"": 0.1723535772, ""2024-09-20:03-24-00"": 0.171151212}}"
wrapped-eeth,weeth,Wrapped eETH,"{""price"": {""2024-09-06:09-19-37"": 2459.4906993651, ""2024-09-07:09-26-21"": 2396.0260623064, ""2024-09-08:09-12-30"": 2408.1599625466, ""2024-09-09:09-21-23"": 2436.4204670432, ""2024-09-10:09-19-50"": 2458.7015282789, ""2024-09-11:09-21-39"": 2437.604485966, ""2024-09-12:09-06-58"": 2478.2349735404, ""2024-09-13:09-01-37"": 2464.0251884014, ""2024-09-14:09-12-09"": 2556.3719956536, ""2024-09-15:09-04-34"": 2530.2445528549, ""2024-09-16:09-21-13"": 2428.4181042876, ""2024-09-17:09-02-04"": 2418.8181293542, ""2024-09-18:09-26-00"": 2423.1427479855, ""2024-09-19:09-27-05"": 2551.1243914012, ""2024-09-20:03-12-54"": 2575.7227579986}}"
sui,sui,Sui,"{""price"": {""2024-09-06:09-03-52"": 0.8201966566, ""2024-09-07:09-09-43"": 0.8753203822, ""2024-09-08:09-21-50"": 0.9803203523, ""2024-09-09:09-05-23"": 0.9230757308, ""2024-09-10:09-19-27"": 0.9180363738, ""2024-09-11:09-15-57"": 0.8869785146, ""2024-09-12:09-25-37"": 1.0276600093, ""2024-09-13:09-15-48"": 1.008149384, ""2024-09-14:09-06-55"": 1.0295202827, ""2024-09-15:09-19-30"": 1.0747423969, ""2024-09-16:09-12-32"": 1.1241854413, ""2024-09-17:09-23-19"": 1.1366714736, ""2024-09-18:09-01-45"": 1.192565537, ""2024-09-19:09-20-44"": 1.3367537354, ""2024-09-20:03-13-24"": 1.4338186173}}"
internet-computer,icp,Internet Computer,"{""price"": {""2024-09-06:09-14-34"": 7.0633210653, ""2024-09-07:09-12-55"": 7.1395117857, ""2024-09-08:09-10-52"": 7.3532731111, ""2024-09-09:09-18-19"": 7.5444445562, ""2024-09-10:09-03-04"": 7.8300502198, ""2024-09-11:09-25-37"": 8.6556966673, ""2024-09-12:09-24-41"": 8.4447380771, ""2024-09-13:09-00-27"": 8.3511438079, ""2024-09-14:09-14-45"": 8.6246788411, ""2024-09-15:09-17-00"": 8.6498819386, ""2024-09-16:09-19-43"": 8.142209242, ""2024-09-17:09-18-31"": 7.9194337419, ""2024-09-18:09-17-28"": 7.75303757, ""2024-09-19:09-06-09"": 8.1799245441, ""2024-09-20:03-14-03"": 8.0748121984}}"
fetch-ai,fet,Artificial Superintelligence Alliance,"{""price"": {""2024-09-06:09-25-11"": 1.0574004991, ""2024-09-07:09-11-21"": 1.0716726262, ""2024-09-08:09-18-57"": 1.1045984997, ""2024-09-09:09-08-47"": 1.1527119289, ""2024-09-10:09-08-36"": 1.2584412366, ""2024-09-11:09-22-20"": 1.3078434584, ""2024-09-12:09-25-18"": 1.4028759578, ""2024-09-13:09-09-10"": 1.3191079151, ""2024-09-14:09-25-54"": 1.3437164729, ""2024-09-15:09-16-04"": 1.4170342773, ""2024-09-16:09-03-13"": 1.3225811634, ""2024-09-17:09-06-57"": 1.2936818091, ""2024-09-18:09-05-02"": 1.3458853979, ""2024-09-19:09-17-02"": 1.5198186454, ""2024-09-20:03-07-58"": 1.5061987529}}"
aptos,apt,Aptos,"{""price"": {""2024-09-06:09-23-43"": 5.7485182653, ""2024-09-07:09-03-12"": 5.8916660957, ""2024-09-08:09-19-12"": 6.0202781332, ""2024-09-09:09-17-24"": 6.1703501861, ""2024-09-10:09-12-23"": 6.1636955177, ""2024-09-11:09-11-25"": 6.1075598373, ""2024-09-12:09-11-21"": 6.1450733548, ""2024-09-13:09-00-29"": 6.1254748265, ""2024-09-14:09-06-30"": 6.2216781964, ""2024-09-15:09-03-08"": 6.113444202, ""2024-09-16:09-14-42"": 5.817689371, ""2024-09-17:09-18-18"": 5.8541963682, ""2024-09-18:09-25-49"": 5.8602609793, ""2024-09-19:09-13-38"": 6.3196379744, ""2024-09-20:03-08-03"": 6.747891864}}"
pepe,pepe,Pepe,"{""price"": {""2024-09-06:09-22-45"": 6.9885e-06, ""2024-09-07:09-01-16"": 6.8417e-06, ""2024-09-08:09-21-29"": 6.9545e-06, ""2024-09-09:09-11-19"": 7.1353e-06, ""2024-09-10:09-01-24"": 7.461e-06, ""2024-09-11:09-02-22"": 7.1532e-06, ""2024-09-12:09-03-27"": 7.3671e-06, ""2024-09-13:09-06-12"": 7.3252e-06, ""2024-09-14:09-10-33"": 7.81e-06, ""2024-09-15:09-17-13"": 7.7113e-06, ""2024-09-16:09-11-12"": 7.3168e-06, ""2024-09-17:09-16-45"": 7.3416e-06, ""2024-09-18:09-22-56"": 7.256e-06, ""2024-09-19:09-14-16"": 7.8687e-06, ""2024-09-20:03-08-09"": 7.8992e-06}}"
monero,xmr,Monero,"{""price"": {""2024-09-06:09-27-03"": 171.2130626574, ""2024-09-07:09-08-32"": 165.3894102669, ""2024-09-08:09-14-05"": 173.53565378, ""2024-09-09:09-15-38"": 173.3170705658, ""2024-09-10:09-22-50"": 170.0784654171, ""2024-09-11:09-24-02"": 167.4979487017, ""2024-09-12:09-24-49"": 169.7468640739, ""2024-09-13:09-02-47"": 170.3355858501, ""2024-09-14:09-26-10"": 170.2471770727, ""2024-09-15:09-13-38"": 170.7360535029, ""2024-09-16:09-05-56"": 169.6047438572, ""2024-09-17:09-19-21"": 170.8238045909, ""2024-09-18:09-14-27"": 171.2762549678, ""2024-09-19:09-11-57"": 171.7827112319, ""2024-09-20:03-08-07"": 176.436095248}}"
first-digital-usd,fdusd,First Digital USD,"{""price"": {""2024-09-06:09-01-57"": 0.9987675232, ""2024-09-07:09-23-52"": 0.9955458055, ""2024-09-08:09-14-07"": 0.9993674356, ""2024-09-09:09-03-23"": 0.9987295478, ""2024-09-10:09-24-21"": 0.9989436373, ""2024-09-11:09-00-19"": 0.9985333046, ""2024-09-12:09-13-55"": 0.9975345479, ""2024-09-13:09-05-37"": 0.9984256069, ""2024-09-14:09-25-59"": 1.0002731338, ""2024-09-15:09-16-35"": 1.0009346434, ""2024-09-16:09-05-43"": 1.0015703161, ""2024-09-17:09-10-56"": 1.0022189956, ""2024-09-18:09-07-02"": 0.9995108147, ""2024-09-19:09-27-52"": 0.999751901, ""2024-09-20:03-08-14"": 1.0015943413}}"
polygon-ecosystem-token,pol,POL (ex-MATIC),"{""price"": {""2024-09-06:09-26-39"": 0.3698701055, ""2024-09-07:09-03-57"": 0.3774803662, ""2024-09-08:09-16-15"": 0.3749291616, ""2024-09-09:09-11-12"": 0.379218259, ""2024-09-10:09-20-04"": 0.3804007442, ""2024-09-11:09-25-33"": 0.3744176533, ""2024-09-12:09-17-32"": 0.3817145401, ""2024-09-13:09-13-51"": 0.3795804552, ""2024-09-14:09-16-36"": 0.4159809949, ""2024-09-15:09-18-01"": 0.4006005525, ""2024-09-16:09-12-48"": 0.3841804658, ""2024-09-17:09-22-33"": 0.3850757058, ""2024-09-18:09-12-27"": 0.3782450855, ""2024-09-19:09-17-25"": 0.3966478784, ""2024-09-20:03-03-31"": 0.3975715638}}"
bittensor,tao,Bittensor,"{""price"": {""2024-09-06:09-04-48"": 236.7094126156, ""2024-09-07:09-09-53"": 238.0932077605, ""2024-09-08:09-13-46"": 244.4744896808, ""2024-09-09:09-19-20"": 259.9464280547, ""2024-09-10:09-16-04"": 276.3556204583, ""2024-09-11:09-20-48"": 278.5094158028, ""2024-09-12:09-25-54"": 292.1521156328, ""2024-09-13:09-14-06"": 290.5238323648, ""2024-09-14:09-15-51"": 313.4780238796, ""2024-09-15:09-17-03"": 324.8856590786, ""2024-09-16:09-24-17"": 303.3314852895, ""2024-09-17:09-24-30"": 296.7499529387, ""2024-09-18:09-12-58"": 317.9176295794, ""2024-09-19:09-19-25"": 366.3564700238, ""2024-09-20:03-08-11"": 386.9177920909}}"
stellar,xlm,Stellar,"{""price"": {""2024-09-06:09-12-29"": 0.0890739714, ""2024-09-07:09-11-58"": 0.0890685147, ""2024-09-08:09-12-58"": 0.0895062783, ""2024-09-09:09-12-08"": 0.0913227106, ""2024-09-10:09-02-32"": 0.09329232, ""2024-09-11:09-07-42"": 0.0926638057, ""2024-09-12:09-25-34"": 0.0928649186, ""2024-09-13:09-03-23"": 0.0949385958, ""2024-09-14:09-22-27"": 0.0966747683, ""2024-09-15:09-02-46"": 0.0963877091, ""2024-09-16:09-11-43"": 0.095329211, ""2024-09-17:09-11-38"": 0.09636996, ""2024-09-18:09-25-25"": 0.0938326806, ""2024-09-19:09-07-28"": 0.0954249262, ""2024-09-20:03-18-23"": 0.0962176303}}"
ethereum-classic,etc,Ethereum Classic,"{""price"": {""2024-09-06:09-21-47"": 17.5842639326, ""2024-09-07:09-22-44"": 17.5660923039, ""2024-09-08:09-12-34"": 17.8059722191, ""2024-09-09:09-22-29"": 18.0857617847, ""2024-09-10:09-20-43"": 18.2186671547, ""2024-09-11:09-12-15"": 18.3373185738, ""2024-09-12:09-04-43"": 18.5072062026, ""2024-09-13:09-00-30"": 18.2841655863, ""2024-09-14:09-06-34"": 18.6137941779, ""2024-09-15:09-16-10"": 18.4635381728, ""2024-09-16:09-24-55"": 17.7732552701, ""2024-09-17:09-08-24"": 17.8945651275, ""2024-09-18:09-26-58"": 17.6551115647, ""2024-09-19:09-29-47"": 18.5836602342, ""2024-09-20:03-04-45"": 18.7336157022}}"
blockstack,stx,Stacks,"{""price"": {""2024-09-06:09-17-27"": 1.3736484036, ""2024-09-07:09-28-34"": 1.391504705, ""2024-09-08:09-08-57"": 1.4177849231, ""2024-09-09:09-26-45"": 1.4473603181, ""2024-09-10:09-09-51"": 1.5508081022, ""2024-09-11:09-08-23"": 1.5482369301, ""2024-09-12:09-14-45"": 1.6392917717, ""2024-09-13:09-00-51"": 1.6051171476, ""2024-09-14:09-20-25"": 1.624414439, ""2024-09-15:09-12-12"": 1.5974934067, ""2024-09-16:09-09-54"": 1.5211716323, ""2024-09-17:09-25-23"": 1.5132447369, ""2024-09-18:09-25-09"": 1.5202199965, ""2024-09-19:09-17-18"": 1.6998550408, ""2024-09-20:03-08-12"": 1.743580546}}"
ethena-usde,usde,Ethena USDe,"{""price"": {""2024-09-06:09-41-05"": 0.9993532549, ""2024-09-07:09-41-28"": 0.9990549418, ""2024-09-08:09-41-32"": 0.9986510135, ""2024-09-09:09-42-15"": 0.9994098372, ""2024-09-10:09-36-38"": 0.999125148, ""2024-09-11:09-37-12"": 0.9998988525, ""2024-09-12:09-37-09"": 0.9989176131, ""2024-09-13:09-31-11"": 0.9984923096, ""2024-09-14:09-39-21"": 0.9985635707, ""2024-09-15:09-42-21"": 0.9988524685, ""2024-09-16:09-42-17"": 0.9984657896, ""2024-09-17:09-40-42"": 0.9985460591, ""2024-09-18:09-39-51"": 0.9983088965, ""2024-09-19:09-43-26"": 0.9991530637, ""2024-09-20:03-08-12"": 0.9987094627}}"
immutable-x,imx,Immutable,"{""price"": {""2024-09-06:09-41-50"": 1.1660377267, ""2024-09-07:09-42-05"": 1.1819382451, ""2024-09-08:09-42-19"": 1.2058850652, ""2024-09-09:09-42-59"": 1.2330249995, ""2024-09-10:09-37-22"": 1.2464891223, ""2024-09-11:09-37-48"": 1.2592831072, ""2024-09-12:09-37-52"": 1.2695632637, ""2024-09-13:09-31-47"": 1.2384547608, ""2024-09-14:09-40-03"": 1.2974861361, ""2024-09-15:09-43-02"": 1.322083011, ""2024-09-16:09-43-00"": 1.2539433111, ""2024-09-17:09-41-21"": 1.3110668339, ""2024-09-18:09-40-42"": 1.3574209642, ""2024-09-19:09-44-18"": 1.4313104588, ""2024-09-20:03-08-34"": 1.5125652429}}"
okb,okb,OKB,"{""price"": {""2024-09-06:09-27-27"": 36.0336022707, ""2024-09-07:09-06-33"": 35.4390489399, ""2024-09-08:09-13-57"": 36.0325211044, ""2024-09-09:09-23-07"": 36.8190746662, ""2024-09-10:09-24-40"": 37.9283508221, ""2024-09-11:09-11-19"": 38.3974835182, ""2024-09-12:09-06-58"": 39.2576719458, ""2024-09-13:09-07-09"": 39.1072297192, ""2024-09-14:09-10-15"": 39.5823186104, ""2024-09-15:09-08-01"": 38.8787514532, ""2024-09-16:09-24-51"": 38.1245539437, ""2024-09-17:09-06-31"": 38.3664618143, ""2024-09-18:09-14-06"": 37.8545605781, ""2024-09-19:09-07-47"": 39.2314579112, ""2024-09-20:03-08-32"": 40.0126190391}}"
crypto-com-chain,cro,Cronos,"{""price"": {""2024-09-06:09-02-29"": 0.0764227625, ""2024-09-07:09-02-23"": 0.0766639061, ""2024-09-08:09-12-46"": 0.0771184294, ""2024-09-09:09-10-43"": 0.0788444926, ""2024-09-10:09-12-04"": 0.0787579388, ""2024-09-11:09-04-05"": 0.0776627251, ""2024-09-12:09-31-17"": 0.0799694122, ""2024-09-13:09-03-12"": 0.0808863635, ""2024-09-14:09-26-33"": 0.0834810242, ""2024-09-15:09-20-01"": 0.082607238, ""2024-09-16:09-19-47"": 0.0801459184, ""2024-09-17:09-07-18"": 0.0799513852, ""2024-09-18:09-18-20"": 0.0790510198, ""2024-09-19:09-11-44"": 0.081443916, ""2024-09-20:03-14-27"": 0.0829127389}}"
aave,aave,Aave,"{""price"": {""2024-09-06:09-20-47"": 125.6290327807, ""2024-09-07:09-18-52"": 126.0623140004, ""2024-09-08:09-19-12"": 125.815730195, ""2024-09-09:09-06-18"": 136.0564745322, ""2024-09-10:09-23-50"": 137.393652375, ""2024-09-11:09-20-24"": 150.0675284318, ""2024-09-12:09-25-42"": 150.6071140377, ""2024-09-13:09-09-03"": 140.3793540435, ""2024-09-14:09-14-31"": 140.1850345141, ""2024-09-15:09-17-36"": 146.1264954791, ""2024-09-16:09-08-51"": 141.5412703783, ""2024-09-17:09-25-59"": 141.4143357987, ""2024-09-18:09-09-32"": 136.6036769669, ""2024-09-19:09-18-35"": 146.6488803721, ""2024-09-20:03-08-34"": 149.7774438661}}"
filecoin,fil,Filecoin,"{""price"": {""2024-09-06:09-02-46"": 3.3423570904, ""2024-09-07:09-11-46"": 3.3519463617, ""2024-09-08:09-19-37"": 3.4097531464, ""2024-09-09:09-19-48"": 3.4388865432, ""2024-09-10:09-24-19"": 3.5788687575, ""2024-09-11:09-22-53"": 3.5618208263, ""2024-09-12:09-13-58"": 3.6277676291, ""2024-09-13:09-03-25"": 3.6320684458, ""2024-09-14:09-24-11"": 3.6791548106, ""2024-09-15:09-21-29"": 3.6376257813, ""2024-09-16:09-13-13"": 3.4519414743, ""2024-09-17:09-15-11"": 3.4619266727, ""2024-09-18:09-07-33"": 3.4478170786, ""2024-09-19:09-16-41"": 3.6715079781, ""2024-09-20:03-05-22"": 3.6945163689}}"
render-token,render,Render,"{""price"": {""2024-09-06:09-17-17"": 4.6778243698, ""2024-09-07:09-27-00"": 4.7946023944, ""2024-09-08:09-22-58"": 4.8904879847, ""2024-09-09:09-03-33"": 4.9053702962, ""2024-09-10:09-02-48"": 5.1179864146, ""2024-09-11:09-21-14"": 5.0420690939, ""2024-09-12:09-14-52"": 5.2795714207, ""2024-09-13:09-03-00"": 5.0786209507, ""2024-09-14:09-18-42"": 5.2794294119, ""2024-09-15:09-11-23"": 5.2249691723, ""2024-09-16:09-22-00"": 4.9706654868, ""2024-09-17:09-23-20"": 4.7547043694, ""2024-09-18:09-04-18"": 4.6898884946, ""2024-09-19:09-13-30"": 5.1071790963, ""2024-09-20:03-24-45"": 5.1806397451}}"
arbitrum,arb,Arbitrum,"{""price"": {""2024-09-06:09-01-42"": 0.4941245601, ""2024-09-07:09-28-59"": 0.4985901063, ""2024-09-08:09-21-37"": 0.5119549658, ""2024-09-09:09-03-13"": 0.5173327694, ""2024-09-10:09-08-37"": 0.5216165506, ""2024-09-11:09-22-37"": 0.5125772984, ""2024-09-12:09-15-47"": 0.5192917417, ""2024-09-13:09-06-42"": 0.5177981101, ""2024-09-14:09-26-47"": 0.5313528213, ""2024-09-15:09-23-44"": 0.5379545172, ""2024-09-16:09-21-22"": 0.511997384, ""2024-09-17:09-17-32"": 0.511712035, ""2024-09-18:09-06-08"": 0.5168194803, ""2024-09-19:09-16-57"": 0.5480316595, ""2024-09-20:03-16-20"": 0.559441719}}"
injective-protocol,inj,Injective,"{""price"": {""2024-09-06:09-02-37"": 16.7926008535, ""2024-09-07:09-29-11"": 16.2473461562, ""2024-09-08:09-22-57"": 16.5413577667, ""2024-09-09:09-07-26"": 16.701588108, ""2024-09-10:09-14-58"": 17.4276608333, ""2024-09-11:09-23-14"": 18.127506453, ""2024-09-12:09-20-52"": 19.3123660625, ""2024-09-13:09-04-29"": 18.9351910162, ""2024-09-14:09-01-11"": 19.3025717951, ""2024-09-15:09-09-16"": 19.8012944787, ""2024-09-16:09-25-36"": 18.6032547516, ""2024-09-17:09-22-41"": 18.2634577812, ""2024-09-18:09-17-18"": 18.7878749228, ""2024-09-19:09-14-38"": 20.6400786372, ""2024-09-20:03-08-56"": 20.5820838404}}"
mantle,mnt,Mantle,"{""price"": {""2024-09-06:09-10-36"": 0.5530030658, ""2024-09-07:09-02-13"": 0.546934104, ""2024-09-08:09-02-16"": 0.5487323529, ""2024-09-09:09-04-38"": 0.5557254861, ""2024-09-10:09-05-48"": 0.5619615105, ""2024-09-11:09-25-53"": 0.5575821226, ""2024-09-12:09-15-46"": 0.5628035525, ""2024-09-13:09-09-46"": 0.5653553125, ""2024-09-14:09-23-15"": 0.5766556343, ""2024-09-15:09-19-35"": 0.57715303, ""2024-09-16:09-09-24"": 0.5608847437, ""2024-09-17:09-27-04"": 0.555105514, ""2024-09-18:09-20-53"": 0.56401431, ""2024-09-19:09-18-28"": 0.5898375466, ""2024-09-20:03-08-57"": 0.5974855278}}"
optimism,op,Optimism,"{""price"": {""2024-09-06:09-08-51"": 1.3321473688, ""2024-09-07:09-28-50"": 1.3936147385, ""2024-09-08:09-14-38"": 1.4396699297, ""2024-09-09:09-12-29"": 1.4682988847, ""2024-09-10:09-13-50"": 1.5538867284, ""2024-09-11:09-21-28"": 1.5673640714, ""2024-09-12:09-25-37"": 1.5562140067, ""2024-09-13:09-07-46"": 1.5137367034, ""2024-09-14:09-08-44"": 1.5325921283, ""2024-09-15:09-09-42"": 1.5692677807, ""2024-09-16:09-21-13"": 1.4701710844, ""2024-09-17:09-27-02"": 1.4498799342, ""2024-09-18:09-10-24"": 1.445667742, ""2024-09-19:09-16-10"": 1.5667792095, ""2024-09-20:03-08-57"": 1.6082165272}}"
hedera-hashgraph,hbar,Hedera,"{""price"": {""2024-09-06:09-24-16"": 0.0472788672, ""2024-09-07:09-27-57"": 0.0480241003, ""2024-09-08:09-12-31"": 0.0497901298, ""2024-09-09:09-01-21"": 0.0504341269, ""2024-09-10:09-03-48"": 0.0502335862, ""2024-09-11:09-16-49"": 0.0493842513, ""2024-09-12:09-11-38"": 0.0507543692, ""2024-09-13:09-12-03"": 0.0510894619, ""2024-09-14:09-03-17"": 0.0519174461, ""2024-09-15:09-12-17"": 0.0517594595, ""2024-09-16:09-25-22"": 0.0502879603, ""2024-09-17:09-09-51"": 0.0495883966, ""2024-09-18:09-24-16"": 0.049028738, ""2024-09-19:09-28-26"": 0.0518568615, ""2024-09-20:03-22-53"": 0.0516805626}}"
vechain,vet,VeChain,"{""price"": {""2024-09-06:09-14-10"": 0.0204619777, ""2024-09-07:09-03-45"": 0.0204896677, ""2024-09-08:09-16-06"": 0.0206864988, ""2024-09-09:09-24-39"": 0.0210210524, ""2024-09-10:09-21-30"": 0.0217517184, ""2024-09-11:09-03-38"": 0.0213616619, ""2024-09-12:09-08-17"": 0.0218285681, ""2024-09-13:09-00-25"": 0.0221795569, ""2024-09-14:09-10-59"": 0.0225476077, ""2024-09-15:09-23-44"": 0.0221969305, ""2024-09-16:09-18-17"": 0.0216665047, ""2024-09-17:09-17-21"": 0.0210934986, ""2024-09-18:09-16-09"": 0.0211329664, ""2024-09-19:09-08-53"": 0.0220328547, ""2024-09-20:03-02-21"": 0.0228815774}}"
fantom,ftm,Fantom,"{""price"": {""2024-09-06:09-24-42"": 0.3823662019, ""2024-09-07:09-15-54"": 0.38838595, ""2024-09-08:09-02-59"": 0.4112881597, ""2024-09-09:09-13-52"": 0.4483392126, ""2024-09-10:09-16-12"": 0.4824659123, ""2024-09-11:09-24-25"": 0.485956029, ""2024-09-12:09-21-18"": 0.4888514441, ""2024-09-13:09-06-56"": 0.4804280204, ""2024-09-14:09-10-17"": 0.4796062505, ""2024-09-15:09-16-32"": 0.4898650711, ""2024-09-16:09-19-38"": 0.5160865419, ""2024-09-17:09-22-55"": 0.5664889095, ""2024-09-18:09-18-30"": 0.5652608737, ""2024-09-19:09-19-50"": 0.6389968061, ""2024-09-20:03-03-29"": 0.6411315203}}"
dogwifcoin,wif,dogwifhat,"{""price"": {""2024-09-06:09-25-45"": 1.5098918232, ""2024-09-07:09-28-25"": 1.5047607828, ""2024-09-08:09-09-13"": 1.5264895677, ""2024-09-09:09-06-34"": 1.5552574, ""2024-09-10:09-10-52"": 1.6838698057, ""2024-09-11:09-09-48"": 1.5606263309, ""2024-09-12:09-05-58"": 1.5436484677, ""2024-09-13:09-24-51"": 1.5363583376, ""2024-09-14:09-33-03"": 1.5973859998, ""2024-09-15:09-34-58"": 1.5838977928, ""2024-09-16:09-34-27"": 1.4999128715, ""2024-09-17:09-33-34"": 1.5070123835, ""2024-09-18:09-33-05"": 1.5165361548, ""2024-09-19:09-35-09"": 1.7051634722, ""2024-09-20:03-26-42"": 1.7905662704}}"
cosmos,atom,Cosmos Hub,"{""price"": {""2024-09-06:09-05-46"": 3.8417338367, ""2024-09-07:09-16-46"": 3.7750165182, ""2024-09-08:09-22-43"": 3.7098034817, ""2024-09-09:09-20-00"": 3.9495596376, ""2024-09-10:09-05-30"": 4.1115165429, ""2024-09-11:09-23-45"": 4.1222898794, ""2024-09-12:09-19-14"": 4.1187240821, ""2024-09-13:09-23-41"": 4.2202372289, ""2024-09-14:09-19-19"": 4.1761079285, ""2024-09-15:09-20-21"": 4.2240207385, ""2024-09-16:09-12-24"": 4.0370847171, ""2024-09-17:09-16-45"": 4.0470852413, ""2024-09-18:09-14-34"": 4.1824889678, ""2024-09-19:09-13-45"": 4.4646012382, ""2024-09-20:03-04-37"": 4.4798986735}}"
whitebit,wbt,WhiteBIT Coin,"{""price"": {""2024-09-06:09-36-22"": 10.7778950436, ""2024-09-07:09-36-48"": 10.6480101432, ""2024-09-08:09-36-38"": 10.7156604887, ""2024-09-09:09-37-13"": 10.7865912806, ""2024-09-10:09-32-21"": 10.8634694071, ""2024-09-11:09-32-56"": 10.9062134188, ""2024-09-12:09-32-58"": 10.9869269697, ""2024-09-13:09-26-44"": 10.9763018633, ""2024-09-14:09-35-05"": 10.9607727185, ""2024-09-15:09-37-17"": 10.9784671713, ""2024-09-16:09-36-51"": 10.9055950006, ""2024-09-17:09-35-54"": 10.9119389377, ""2024-09-18:09-35-24"": 10.920462881, ""2024-09-19:09-37-35"": 10.9857765056, ""2024-09-20:03-10-40"": 11.2258263924}}"
thorchain,rune,THORChain,"{""price"": {""2024-09-06:09-08-14"": 3.5680095282, ""2024-09-07:09-27-49"": 3.5604937291, ""2024-09-08:09-22-27"": 3.5969330679, ""2024-09-09:09-03-26"": 3.68771127, ""2024-09-10:09-01-45"": 3.9040495392, ""2024-09-11:09-18-34"": 4.0356336961, ""2024-09-12:09-04-26"": 4.0124832163, ""2024-09-13:09-02-59"": 3.8370715275, ""2024-09-14:09-27-06"": 4.0325314253, ""2024-09-15:09-08-12"": 4.0792969547, ""2024-09-16:09-22-50"": 4.0115293799, ""2024-09-17:09-14-58"": 4.0455065291, ""2024-09-18:09-18-54"": 3.984223604, ""2024-09-19:09-17-42"": 4.4022870512, ""2024-09-20:02-04-18"": 4.4576473481}}"
binance-peg-weth,weth,Binance-Peg WETH,"{""price"": {""2024-09-06:09-38-23"": 2349.5421677647, ""2024-09-07:09-38-44"": 2286.012056355, ""2024-09-08:09-38-46"": 2304.0388884954, ""2024-09-09:09-39-18"": 2329.1222519714, ""2024-09-10:09-34-08"": 2350.2527478518, ""2024-09-11:09-34-42"": 2348.0793262871, ""2024-09-12:09-34-38"": 2366.6361012318, ""2024-09-13:09-28-37"": 2350.6911727383, ""2024-09-14:09-36-58"": 2417.4504284052, ""2024-09-15:09-39-24"": 2416.7119608185, ""2024-09-16:09-39-00"": 2306.0294792695, ""2024-09-17:09-38-00"": 2306.7247632142, ""2024-09-18:09-37-22"": 2312.2203211175, ""2024-09-19:09-40-00"": 2432.4303307048, ""2024-09-20:03-10-43"": 2462.2337533271}}"
the-graph,grt,The Graph,"{""price"": {""2024-09-06:09-26-17"": 0.1329940029, ""2024-09-07:09-11-56"": 0.132142559, ""2024-09-08:09-26-50"": 0.1364694365, ""2024-09-09:09-06-58"": 0.1392405327, ""2024-09-10:09-05-48"": 0.1407726764, ""2024-09-11:09-08-55"": 0.1368886026, ""2024-09-12:09-25-54"": 0.1410200509, ""2024-09-13:09-01-45"": 0.1449884204, ""2024-09-14:09-02-19"": 0.1484475878, ""2024-09-15:09-07-57"": 0.1485868366, ""2024-09-16:09-22-26"": 0.1420708698, ""2024-09-17:09-17-28"": 0.140721434, ""2024-09-18:09-14-48"": 0.138825981, ""2024-09-19:09-13-20"": 0.1503032268, ""2024-09-20:03-08-05"": 0.1532901423}}"
theta-token,theta,Theta Network,"{""price"": {""2024-09-06:09-15-32"": 1.1101407672, ""2024-09-07:09-03-46"": 1.147487825, ""2024-09-08:09-09-05"": 1.1600722465, ""2024-09-09:09-08-29"": 1.1772532586, ""2024-09-10:09-21-43"": 1.1937649779, ""2024-09-11:09-14-57"": 1.1736583263, ""2024-09-12:09-05-26"": 1.1976564905, ""2024-09-13:09-22-03"": 1.2290169175, ""2024-09-14:09-18-33"": 1.3032639736, ""2024-09-15:09-02-40"": 1.3366330734, ""2024-09-16:09-04-54"": 1.3421381352, ""2024-09-17:09-05-50"": 1.2976049587, ""2024-09-18:09-16-45"": 1.2746667706, ""2024-09-19:09-20-28"": 1.3940758337, ""2024-09-20:03-10-51"": 1.4053508863}}"
rocket-pool-eth,reth,Rocket Pool ETH,"{""price"": {""2024-09-06:09-09-47"": 2629.9766958176, ""2024-09-07:09-26-24"": 2567.0799088928, ""2024-09-08:09-13-09"": 2577.2756595451, ""2024-09-09:09-11-46"": 2606.4080014613, ""2024-09-10:09-01-46"": 2639.7381043925, ""2024-09-11:09-08-35"": 2600.4872609087, ""2024-09-12:09-04-17"": 2646.9527759896, ""2024-09-13:09-00-25"": 2619.4384130059, ""2024-09-14:09-14-13"": 2711.9692863268, ""2024-09-15:09-09-05"": 2701.8533155601, ""2024-09-16:09-00-31"": 2560.9052623514, ""2024-09-17:09-06-57"": 2579.5910982509, ""2024-09-18:09-14-57"": 2590.0300330592, ""2024-09-19:09-16-52"": 2722.1710910878, ""2024-09-20:03-17-51"": 2745.6454709661}}"
maker,mkr,Maker,"{""price"": {""2024-09-06:09-17-24"": 1607.3715718657, ""2024-09-07:09-05-49"": 1554.5394513011, ""2024-09-08:09-10-42"": 1562.1972462756, ""2024-09-09:09-13-04"": 1648.9948278771, ""2024-09-10:09-02-57"": 1583.0941905184, ""2024-09-11:09-19-49"": 1590.975582827, ""2024-09-12:09-29-28"": 1614.2204541936, ""2024-09-13:09-23-44"": 1605.7106398227, ""2024-09-14:09-31-57"": 1613.4673584745, ""2024-09-15:09-33-49"": 1602.728879672, ""2024-09-16:09-33-19"": 1524.0323282927, ""2024-09-17:09-32-26"": 1519.1318449592, ""2024-09-18:09-31-50"": 1464.1633142879, ""2024-09-19:09-33-55"": 1549.4464988966, ""2024-09-20:03-26-53"": 1522.1621850409}}"
solv-btc,solvbtc,Solv Protocol SolvBTC,"{""price"": {""2024-09-06:09-08-41"": 55635.3322556381, ""2024-09-07:09-15-45"": 54315.9957313832, ""2024-09-08:09-03-35"": 54403.3299024782, ""2024-09-09:09-10-35"": 55183.1519785642, ""2024-09-10:09-02-29"": 56947.8778699537, ""2024-09-11:09-09-43"": 56353.5110821505, ""2024-09-12:09-06-44"": 58137.0555749092, ""2024-09-13:09-08-53"": 58074.86177108, ""2024-09-14:09-10-20"": 60317.600870531, ""2024-09-15:09-18-32"": 59953.9129018013, ""2024-09-16:09-04-55"": 58834.1440303238, ""2024-09-17:09-21-06"": 58687.1156409482, ""2024-09-18:09-24-34"": 59888.9187453529, ""2024-09-19:09-23-15"": 61901.7349994343, ""2024-09-20:03-13-44"": 62940.7789943677}}"
arweave,ar,Arweave,"{""price"": {""2024-09-06:09-24-12"": 21.0234688953, ""2024-09-07:09-12-33"": 20.6290900919, ""2024-09-08:09-05-43"": 20.2634753311, ""2024-09-09:09-11-11"": 20.4739256171, ""2024-09-10:09-09-30"": 20.1712946615, ""2024-09-11:09-21-29"": 18.8217381684, ""2024-09-12:09-21-24"": 20.02100506, ""2024-09-13:09-24-25"": 19.7647714443, ""2024-09-14:09-32-35"": 20.0143163547, ""2024-09-15:09-34-30"": 20.0638359664, ""2024-09-16:09-33-52"": 19.1591934508, ""2024-09-17:09-33-06"": 18.760950172, ""2024-09-18:09-15-45"": 18.036250968, ""2024-09-19:09-22-46"": 19.8892246012, ""2024-09-20:03-02-33"": 20.1155992789}}"
bitget-token,bgb,Bitget Token,"{""price"": {""2024-09-06:09-07-32"": 0.9518251679, ""2024-09-07:09-04-44"": 0.9382081305, ""2024-09-08:09-07-12"": 0.9375871524, ""2024-09-09:09-16-49"": 0.932837304, ""2024-09-10:09-09-16"": 0.939309094, ""2024-09-11:09-21-25"": 0.9368869388, ""2024-09-12:09-29-31"": 0.9457886154, ""2024-09-13:09-23-49"": 0.9492463714, ""2024-09-14:09-31-59"": 0.9559235645, ""2024-09-15:09-33-51"": 0.9394401284, ""2024-09-16:09-33-22"": 0.9224252043, ""2024-09-17:09-32-31"": 0.9274007096, ""2024-09-18:09-31-54"": 0.9202343265, ""2024-09-19:09-33-58"": 0.9457835358, ""2024-09-20:03-27-00"": 0.9370736312}}"
celestia,tia,Celestia,"{""price"": {""2024-09-06:09-10-35"": 3.9979480842, ""2024-09-07:09-01-28"": 4.0070066321, ""2024-09-08:09-16-54"": 4.0796209443, ""2024-09-09:09-12-50"": 4.1734870727, ""2024-09-10:09-03-16"": 4.1689954587, ""2024-09-11:09-12-52"": 3.9636165139, ""2024-09-12:09-05-39"": 4.262987233, ""2024-09-13:09-04-18"": 4.116057548, ""2024-09-14:09-26-37"": 4.3288275994, ""2024-09-15:09-13-06"": 4.8220313216, ""2024-09-16:09-07-25"": 4.7176496206, ""2024-09-17:09-22-10"": 4.887111154, ""2024-09-18:09-04-41"": 5.2460054921, ""2024-09-19:09-16-43"": 6.3138865215, ""2024-09-20:03-10-58"": 6.1023935273}}"
floki,floki,FLOKI,"{""price"": {""2024-09-06:09-15-52"": 0.000118642, ""2024-09-07:09-28-42"": 0.000118649, ""2024-09-08:09-05-25"": 0.0001219877, ""2024-09-09:09-25-46"": 0.0001239165, ""2024-09-10:09-16-24"": 0.0001277765, ""2024-09-11:09-03-38"": 0.0001217255, ""2024-09-12:09-01-59"": 0.0001246447, ""2024-09-13:09-00-22"": 0.0001234426, ""2024-09-14:09-21-04"": 0.0001276765, ""2024-09-15:09-18-58"": 0.0001253415, ""2024-09-16:09-20-12"": 0.000121753, ""2024-09-17:09-16-23"": 0.0001204303, ""2024-09-18:09-09-29"": 0.0001227528, ""2024-09-19:09-18-15"": 0.000132986, ""2024-09-20:03-10-58"": 0.0001313768}}"
mantle-staked-ether,meth,Mantle Staked Ether,"{""price"": {""2024-09-06:09-13-51"": 2451.1689728174, ""2024-09-07:09-17-39"": 2383.5455937406, ""2024-09-08:09-08-44"": 2396.7645315723, ""2024-09-09:09-20-43"": 2433.3472131501, ""2024-09-10:09-21-12"": 2458.8439146819, ""2024-09-11:09-16-33"": 2426.4964967564, ""2024-09-12:09-22-56"": 2464.8180311833, ""2024-09-13:09-06-18"": 2443.2581304183, ""2024-09-14:09-06-32"": 2522.4720372991, ""2024-09-15:09-24-32"": 2519.2822041843, ""2024-09-16:09-20-20"": 2417.5312843361, ""2024-09-17:09-27-40"": 2403.3773750131, ""2024-09-18:09-22-18"": 2414.7511271825, ""2024-09-19:09-19-00"": 2541.3622187155, ""2024-09-20:03-06-06"": 2562.7120553227}}"
bonk,bonk,Bonk,"{""price"": {""2024-09-06:09-16-38"": 1.57211e-05, ""2024-09-07:09-11-19"": 1.60799e-05, ""2024-09-08:09-16-27"": 1.65057e-05, ""2024-09-09:09-07-34"": 1.66674e-05, ""2024-09-10:09-03-52"": 1.73783e-05, ""2024-09-11:09-22-28"": 1.66425e-05, ""2024-09-12:09-11-11"": 1.70267e-05, ""2024-09-13:09-00-27"": 1.68802e-05, ""2024-09-14:09-28-23"": 1.73025e-05, ""2024-09-15:09-25-18"": 1.71929e-05, ""2024-09-16:09-14-37"": 1.66936e-05, ""2024-09-17:09-16-39"": 1.63049e-05, ""2024-09-18:09-27-37"": 1.62966e-05, ""2024-09-19:09-05-41"": 1.73053e-05, ""2024-09-20:03-11-05"": 1.77829e-05}}"
sei-network,sei,Sei,"{""price"": {""2024-09-06:09-01-26"": 0.2667307194, ""2024-09-07:09-10-29"": 0.2710645737, ""2024-09-08:09-25-41"": 0.28408151, ""2024-09-09:09-12-43"": 0.2849489814, ""2024-09-10:09-07-28"": 0.2912777947, ""2024-09-11:09-24-11"": 0.2839981098, ""2024-09-12:09-21-33"": 0.2989683707, ""2024-09-13:09-00-18"": 0.295399302, ""2024-09-14:09-19-10"": 0.2987116051, ""2024-09-15:09-04-13"": 0.3031466138, ""2024-09-16:09-23-29"": 0.2940953547, ""2024-09-17:09-22-42"": 0.273777803, ""2024-09-18:09-19-17"": 0.2716420513, ""2024-09-19:09-01-53"": 0.3267108203, ""2024-09-20:03-23-05"": 0.3414250409}}"
matic-network,matic,Polygon,"{""price"": {""2024-09-06:09-16-39"": 0.3693252912, ""2024-09-07:09-09-47"": 0.3747389893, ""2024-09-08:09-16-32"": 0.3743960615, ""2024-09-09:09-17-35"": 0.377990612, ""2024-09-10:09-12-18"": 0.3808373648, ""2024-09-11:09-04-48"": 0.373354816, ""2024-09-12:09-01-00"": 0.378733067, ""2024-09-13:09-16-20"": 0.3790535511, ""2024-09-14:09-18-06"": 0.4143250162, ""2024-09-15:09-23-38"": 0.4003506182, ""2024-09-16:09-25-18"": 0.3821098529, ""2024-09-17:09-06-36"": 0.3814600165, ""2024-09-18:09-14-50"": 0.3784944243, ""2024-09-19:09-18-47"": 0.395846428, ""2024-09-20:03-02-57"": 0.3971280677}}"
helium,hnt,Helium,"{""price"": {""2024-09-06:09-04-02"": 8.2141460252, ""2024-09-07:09-01-14"": 7.907108951, ""2024-09-08:09-24-23"": 8.1104554025, ""2024-09-09:09-08-37"": 8.3776281369, ""2024-09-10:09-21-41"": 7.8724693228, ""2024-09-11:09-20-30"": 7.7162182981, ""2024-09-12:09-17-40"": 8.0008910038, ""2024-09-13:09-03-28"": 7.6925281418, ""2024-09-14:09-14-48"": 7.6257128524, ""2024-09-15:09-24-59"": 7.1744559464, ""2024-09-16:09-22-04"": 7.3573838235, ""2024-09-17:09-21-09"": 7.0571515858, ""2024-09-18:09-05-48"": 6.7418558537, ""2024-09-19:09-04-32"": 7.0857404579, ""2024-09-20:03-23-54"": 6.9756299731}}"
pyth-network,pyth,Pyth Network,"{""price"": {""2024-09-06:09-26-22"": 0.2579138939, ""2024-09-07:09-17-06"": 0.2561962893, ""2024-09-08:09-14-54"": 0.2634018109, ""2024-09-09:09-02-57"": 0.2699431199, ""2024-09-10:09-16-08"": 0.2746788607, ""2024-09-11:09-14-09"": 0.2706121613, ""2024-09-12:09-29-34"": 0.2844981867, ""2024-09-13:09-00-29"": 0.2894944006, ""2024-09-14:09-24-15"": 0.2933494862, ""2024-09-15:09-13-59"": 0.2940141246, ""2024-09-16:09-20-20"": 0.2824847186, ""2024-09-17:09-10-45"": 0.2860039635, ""2024-09-18:09-19-03"": 0.2923343562, ""2024-09-19:09-01-09"": 0.3040000209, ""2024-09-20:03-03-10"": 0.314950082}}"
algorand,algo,Algorand,"{""price"": {""2024-09-06:09-06-42"": 0.1168993383, ""2024-09-07:09-09-29"": 0.1203619799, ""2024-09-08:09-15-34"": 0.1255759639, ""2024-09-09:09-11-53"": 0.1264364685, ""2024-09-10:09-06-33"": 0.126387434, ""2024-09-11:09-23-29"": 0.1254128188, ""2024-09-12:09-20-24"": 0.1277942013, ""2024-09-13:09-14-12"": 0.1288898769, ""2024-09-14:09-06-54"": 0.1311071749, ""2024-09-15:09-15-32"": 0.1305305989, ""2024-09-16:09-14-48"": 0.1271996886, ""2024-09-17:09-07-11"": 0.1248589446, ""2024-09-18:09-03-33"": 0.1219984046, ""2024-09-19:09-16-30"": 0.130874942, ""2024-09-20:03-08-07"": 0.1324866851}}"
jupiter-exchange-solana,jup,Jupiter,"{""price"": {""2024-09-06:09-01-41"": 0.703982684, ""2024-09-07:09-07-33"": 0.6992484189, ""2024-09-08:09-26-08"": 0.7150129967, ""2024-09-09:09-20-57"": 0.7125354281, ""2024-09-10:09-19-36"": 0.7327740586, ""2024-09-11:09-10-34"": 0.7114983131, ""2024-09-12:09-13-13"": 0.7396125851, ""2024-09-13:09-16-46"": 0.7539283976, ""2024-09-14:09-18-07"": 0.7736958853, ""2024-09-15:09-14-57"": 0.766876556, ""2024-09-16:09-18-24"": 0.7381189114, ""2024-09-17:09-23-51"": 0.7342320764, ""2024-09-18:09-14-44"": 0.7272383606, ""2024-09-19:09-06-48"": 0.7850313158, ""2024-09-20:03-11-15"": 0.8038364922}}"
quant-network,qnt,Quant,"{""price"": {""2024-09-06:09-01-45"": 59.7568273898, ""2024-09-07:09-12-32"": 58.6010335891, ""2024-09-08:09-27-54"": 68.0251258758, ""2024-09-09:09-05-43"": 70.4703833157, ""2024-09-10:09-14-02"": 73.1886265946, ""2024-09-11:09-09-39"": 71.0308003247, ""2024-09-12:09-12-27"": 71.7661611854, ""2024-09-13:09-02-05"": 76.0179171229, ""2024-09-14:09-16-37"": 75.0032396071, ""2024-09-15:09-03-16"": 74.9410951765, ""2024-09-16:09-19-58"": 72.2285289797, ""2024-09-17:09-10-38"": 69.9298053363, ""2024-09-18:09-05-40"": 71.7452218061, ""2024-09-19:09-24-28"": 72.6502042205, ""2024-09-20:03-08-06"": 74.1041061047}}"
gatechain-token,gt,Gate,"{""price"": {""2024-09-06:09-39-35"": 7.3005241519, ""2024-09-07:09-39-54"": 7.1968845917, ""2024-09-08:09-40-11"": 7.3097866429, ""2024-09-09:09-40-54"": 7.3797206821, ""2024-09-10:09-35-26"": 7.6629849282, ""2024-09-11:09-35-56"": 7.7418018243, ""2024-09-12:09-35-55"": 7.9049997649, ""2024-09-13:09-29-46"": 7.9185003575, ""2024-09-14:09-38-00"": 8.0958948665, ""2024-09-15:09-40-56"": 8.0828871181, ""2024-09-16:09-40-43"": 7.9891697867, ""2024-09-17:09-39-12"": 8.0483612929, ""2024-09-18:09-38-28"": 8.122005968, ""2024-09-19:09-41-41"": 8.3291583442, ""2024-09-20:03-11-14"": 8.284801271}}"
jasmycoin,jasmy,JasmyCoin,"{""price"": {""2024-09-06:09-41-22"": 0.0178416798, ""2024-09-07:09-41-43"": 0.0184471095, ""2024-09-08:09-41-48"": 0.01859133, ""2024-09-09:09-42-36"": 0.0185923595, ""2024-09-10:09-37-00"": 0.0199499778, ""2024-09-11:09-37-30"": 0.019534476, ""2024-09-12:09-37-30"": 0.0201132373, ""2024-09-13:09-31-25"": 0.0199052384, ""2024-09-14:09-39-40"": 0.0206378251, ""2024-09-15:09-42-38"": 0.0204224586, ""2024-09-16:09-42-35"": 0.019255668, ""2024-09-17:09-40-58"": 0.0194063629, ""2024-09-18:09-40-17"": 0.0193077312, ""2024-09-19:09-43-54"": 0.0205857268, ""2024-09-20:03-11-15"": 0.0210489655}}"
coredaoorg,core,Core,"{""price"": {""2024-09-06:09-33-33"": 0.8503393216, ""2024-09-07:09-03-09"": 0.8472317092, ""2024-09-08:09-03-53"": 0.8725837481, ""2024-09-09:09-19-26"": 0.8876646444, ""2024-09-10:09-19-08"": 0.9280348217, ""2024-09-11:09-14-54"": 0.9298641248, ""2024-09-12:09-29-11"": 0.9368245116, ""2024-09-13:09-23-20"": 0.9245397005, ""2024-09-14:09-31-31"": 0.9526718717, ""2024-09-15:09-33-24"": 0.948925244, ""2024-09-16:09-32-53"": 0.8912647159, ""2024-09-17:09-32-00"": 0.9129504944, ""2024-09-18:09-31-22"": 0.9310771439, ""2024-09-19:09-33-33"": 0.9648334526, ""2024-09-20:03-27-21"": 1.0891108278}}"
mantra-dao,om,MANTRA,"{""price"": {""2024-09-06:09-21-13"": 0.9198208418, ""2024-09-07:09-14-14"": 0.8861719932, ""2024-09-08:09-00-06"": 0.8744716726, ""2024-09-09:09-06-44"": 0.916337899, ""2024-09-10:09-06-45"": 0.9865108064, ""2024-09-11:09-06-04"": 1.0225154917, ""2024-09-12:09-21-54"": 1.0681359211, ""2024-09-13:09-09-30"": 1.1217530809, ""2024-09-14:09-24-17"": 1.1014146428, ""2024-09-15:09-15-26"": 1.1023395771, ""2024-09-16:09-00-35"": 1.0785857137, ""2024-09-17:09-00-59"": 1.0543060914, ""2024-09-18:09-18-07"": 1.0678856652, ""2024-09-19:09-03-48"": 1.1161182957, ""2024-09-20:03-00-19"": 1.150012748}}"
bitcoin-cash-sv,bsv,Bitcoin SV,"{""price"": {""2024-09-06:09-41-45"": 44.1399252849, ""2024-09-07:09-41-57"": 44.7198601472, ""2024-09-08:09-42-13"": 44.3841642211, ""2024-09-09:09-42-54"": 44.7426021987, ""2024-09-10:09-37-17"": 49.0064257683, ""2024-09-11:09-37-43"": 50.1668505928, ""2024-09-12:09-37-48"": 49.2441101478, ""2024-09-13:09-31-41"": 47.7213924869, ""2024-09-14:09-39-56"": 48.3784742116, ""2024-09-15:09-42-56"": 48.293717993, ""2024-09-16:09-42-54"": 46.2537635156, ""2024-09-17:09-41-12"": 46.6321025973, ""2024-09-18:09-40-34"": 45.873901581, ""2024-09-19:09-44-11"": 48.7630142065, ""2024-09-20:03-27-34"": 48.6908757984}}"
ondo-finance,ondo,Ondo,"{""price"": {""2024-09-06:09-03-05"": 0.5708638993, ""2024-09-07:09-06-53"": 0.5872853372, ""2024-09-08:09-21-53"": 0.5935946831, ""2024-09-09:09-17-32"": 0.6098314191, ""2024-09-10:09-22-16"": 0.6244746146, ""2024-09-11:09-22-03"": 0.6142133177, ""2024-09-12:09-12-14"": 0.634782758, ""2024-09-13:09-06-54"": 0.6272826881, ""2024-09-14:09-08-38"": 0.6398485611, ""2024-09-15:09-08-11"": 0.6430003301, ""2024-09-16:09-17-10"": 0.6049043203, ""2024-09-17:09-22-53"": 0.5986896074, ""2024-09-18:09-19-59"": 0.5959419015, ""2024-09-19:09-27-44"": 0.6517530875, ""2024-09-20:03-17-36"": 0.6598079704}}"
lido-dao,ldo,Lido DAO,"{""price"": {""2024-09-06:09-10-19"": 0.9545699168, ""2024-09-07:09-05-20"": 0.9224367551, ""2024-09-08:09-22-42"": 0.945527413, ""2024-09-09:09-04-16"": 0.9766680365, ""2024-09-10:09-02-56"": 0.9978486578, ""2024-09-11:09-00-24"": 0.987394331, ""2024-09-12:09-10-29"": 1.0172792681, ""2024-09-13:09-25-14"": 1.0257376943, ""2024-09-14:09-33-31"": 1.0308835469, ""2024-09-15:09-35-26"": 1.0202518823, ""2024-09-16:09-34-48"": 0.9885565762, ""2024-09-17:09-33-55"": 0.9808944971, ""2024-09-18:09-33-25"": 0.9702516278, ""2024-09-19:09-35-37"": 1.0374464455, ""2024-09-20:03-11-31"": 1.0322882687}}"
renzo-restaked-eth,ezeth,Renzo Restaked ETH,"{""price"": {""2024-09-06:09-13-28"": 2390.254398941, ""2024-09-07:09-04-19"": 2330.6126686211, ""2024-09-08:09-09-25"": 2339.2335644924, ""2024-09-09:09-04-54"": 2362.2525516104, ""2024-09-10:09-00-21"": 2398.0726409325, ""2024-09-11:09-09-21"": 2367.5985570401, ""2024-09-12:09-19-02"": 2409.1954308295, ""2024-09-13:09-08-03"": 2384.2972713726, ""2024-09-14:09-23-59"": 2461.977952307, ""2024-09-15:09-12-09"": 2458.6168146977, ""2024-09-16:09-22-16"": 2356.5669824345, ""2024-09-17:09-17-48"": 2350.7673621453, ""2024-09-18:09-16-38"": 2361.0424547563, ""2024-09-19:09-10-49"": 2477.9698180778, ""2024-09-20:03-22-04"": 2508.2893247779}}"
popcat,popcat,Popcat,"{""price"": {""2024-09-06:09-23-05"": 0.5124292585, ""2024-09-07:09-08-27"": 0.5082774349, ""2024-09-08:09-15-23"": 0.5234664317, ""2024-09-09:09-05-33"": 0.5744148824, ""2024-09-10:09-11-20"": 0.6056909671, ""2024-09-11:09-22-44"": 0.5728622088, ""2024-09-12:09-06-00"": 0.6655427408, ""2024-09-13:09-24-18"": 0.662085742, ""2024-09-14:09-32-31"": 0.7191309011, ""2024-09-15:09-34-30"": 0.7350015579, ""2024-09-16:09-33-46"": 0.6840789523, ""2024-09-17:09-33-00"": 0.6880483701, ""2024-09-18:09-32-26"": 0.6962131047, ""2024-09-19:09-34-25"": 0.8690592021, ""2024-09-20:03-11-14"": 0.9009228346}}"
ronin-bridged-weth-ronin,weth,Ronin Bridged WETH (Ronin),"{""price"": {""2024-09-06:09-09-30"": 2347.9815735699, ""2024-09-07:09-08-27"": 2294.1633389033, ""2024-09-08:09-09-46"": 2290.8342933605, ""2024-09-09:09-14-44"": 2334.9274373456, ""2024-09-10:09-06-27"": 2350.724466592, ""2024-09-11:08-00-33"": 2353.2287038584, ""2024-09-12:09-23-29"": 2352.5769717787, ""2024-09-13:09-00-33"": 2354.3614552839, ""2024-09-14:09-01-47"": 2411.801564191, ""2024-09-15:09-29-00"": 2407.6368586204, ""2024-09-16:09-29-00"": 2317.7722567862, ""2024-09-17:09-26-44"": 2304.2768852422, ""2024-09-18:09-22-23"": 2315.4813078751, ""2024-09-19:09-22-42"": 2436.1544874502, ""2024-09-20:03-00-52"": 2455.9594784381}}"
flow,flow,Flow,"{""price"": {""2024-09-06:09-25-45"": 0.521483955, ""2024-09-07:09-11-18"": 0.5202957972, ""2024-09-08:09-00-19"": 0.5224045991, ""2024-09-09:09-16-48"": 0.5296849462, ""2024-09-10:09-16-12"": 0.5344708895, ""2024-09-11:09-17-54"": 0.5319797209, ""2024-09-12:09-26-14"": 0.5529786453, ""2024-09-13:09-07-08"": 0.5591360164, ""2024-09-14:09-24-49"": 0.5607489077, ""2024-09-15:09-30-21"": 0.5566530004, ""2024-09-16:09-29-57"": 0.5365157927, ""2024-09-17:09-29-01"": 0.5299940271, ""2024-09-18:09-28-25"": 0.5265824344, ""2024-09-19:09-30-57"": 0.5608007188, ""2024-09-20:03-11-40"": 0.5756524928}}"
kucoin-shares,kcs,KuCoin,"{""price"": {""2024-09-06:09-41-00"": 8.0841828638, ""2024-09-07:09-41-21"": 7.7951340858, ""2024-09-08:09-41-28"": 7.9153790539, ""2024-09-09:09-42-10"": 7.9731891784, ""2024-09-10:09-36-33"": 8.1064298748, ""2024-09-11:09-37-08"": 8.0413770174, ""2024-09-12:09-36-59"": 8.1480975789, ""2024-09-13:09-31-04"": 8.108586628, ""2024-09-14:09-39-16"": 8.2015891675, ""2024-09-15:09-42-15"": 8.1955796111, ""2024-09-16:09-42-08"": 7.7949756046, ""2024-09-17:09-40-38"": 7.7917612582, ""2024-09-18:09-39-46"": 7.6807403858, ""2024-09-19:09-43-08"": 7.2886024919, ""2024-09-20:03-11-45"": 7.4096765321}}"
bittorrent,btt,BitTorrent,"{""price"": {""2024-09-06:09-24-18"": 7.842e-07, ""2024-09-07:09-27-00"": 7.85e-07, ""2024-09-08:09-11-45"": 8.418e-07, ""2024-09-09:09-13-15"": 9.183e-07, ""2024-09-10:09-16-14"": 8.965e-07, ""2024-09-11:09-09-21"": 8.738e-07, ""2024-09-12:09-30-35"": 8.863e-07, ""2024-09-13:09-24-44"": 8.686e-07, ""2024-09-14:09-32-55"": 8.759e-07, ""2024-09-15:09-34-51"": 8.703e-07, ""2024-09-16:09-34-18"": 8.529e-07, ""2024-09-17:09-33-29"": 8.827e-07, ""2024-09-18:09-32-56"": 8.694e-07, ""2024-09-19:09-34-58"": 8.864e-07, ""2024-09-20:03-11-42"": 8.923e-07}}"
beam-2,beam,Beam,"{""price"": {""2024-09-06:09-21-01"": 0.0118709484, ""2024-09-07:09-11-52"": 0.0120737314, ""2024-09-08:09-18-15"": 0.0121925625, ""2024-09-09:09-14-28"": 0.0123838, ""2024-09-10:09-10-34"": 0.012959309, ""2024-09-11:09-25-32"": 0.0129874909, ""2024-09-12:09-23-32"": 0.0136783128, ""2024-09-13:09-11-47"": 0.0139916543, ""2024-09-14:09-08-41"": 0.0142623807, ""2024-09-15:09-17-03"": 0.014694656, ""2024-09-16:09-23-04"": 0.0143733508, ""2024-09-17:09-07-34"": 0.0142944536, ""2024-09-18:09-12-09"": 0.0150083264, ""2024-09-19:09-12-14"": 0.0166350475, ""2024-09-20:03-11-43"": 0.0164432336}}"
ether-fi-staked-eth,eeth,ether.fi Staked ETH,"{""price"": {""2024-09-06:09-14-21"": 2345.9101179209, ""2024-09-07:09-21-58"": 2286.5197951426, ""2024-09-08:09-06-29"": 2294.5984763316, ""2024-09-09:09-12-21"": 2323.8250651142, ""2024-09-10:09-03-55"": 2352.9714980801, ""2024-09-11:09-16-04"": 2325.4511254313, ""2024-09-12:09-30-57"": 2358.1124555967, ""2024-09-13:09-25-00"": 2353.0493668658, ""2024-09-14:09-08-35"": 2419.0206618705, ""2024-09-15:09-22-39"": 2413.9093456272, ""2024-09-16:09-19-38"": 2322.9586028514, ""2024-09-17:09-14-25"": 2310.8857693188, ""2024-09-18:09-03-43"": 2320.6256040717, ""2024-09-19:09-16-13"": 2422.6284424882, ""2024-09-20:02-12-13"": 2449.7553963349}}"
based-brett,brett,Brett,"{""price"": {""2024-09-06:09-10-45"": 0.0677223577, ""2024-09-07:09-28-35"": 0.0689597237, ""2024-09-08:09-21-21"": 0.0713935142, ""2024-09-09:09-06-29"": 0.0749640094, ""2024-09-10:09-14-29"": 0.0772159241, ""2024-09-11:09-22-41"": 0.0765687215, ""2024-09-12:09-19-18"": 0.0801956835, ""2024-09-13:09-16-39"": 0.0792557924, ""2024-09-14:09-04-41"": 0.0820275154, ""2024-09-15:09-25-29"": 0.0819397986, ""2024-09-16:09-05-59"": 0.0765948784, ""2024-09-17:09-15-36"": 0.0751116498, ""2024-09-18:09-04-15"": 0.0744813763, ""2024-09-19:09-26-22"": 0.0815007096, ""2024-09-20:02-21-12"": 0.0806682277}}"
notcoin,not,Notcoin,"{""price"": {""2024-09-06:09-01-25"": 0.0075555073, ""2024-09-07:09-03-49"": 0.0075025475, ""2024-09-08:09-23-23"": 0.0076565124, ""2024-09-09:09-04-18"": 0.0079737951, ""2024-09-10:09-20-26"": 0.0081832695, ""2024-09-11:09-21-29"": 0.0078659818, ""2024-09-12:09-14-47"": 0.0077745151, ""2024-09-13:09-15-40"": 0.0076548973, ""2024-09-14:09-17-13"": 0.0079354933, ""2024-09-15:09-09-43"": 0.0077906413, ""2024-09-16:09-28-20"": 0.0074026918, ""2024-09-17:09-23-26"": 0.0072603439, ""2024-09-18:09-14-39"": 0.0073467803, ""2024-09-19:09-07-12"": 0.0078119503, ""2024-09-20:02-12-21"": 0.0077229524}}"
nervos-network,ckb,Nervos Network,"{""price"": {""2024-09-06:09-11-30"": 0.0076716921, ""2024-09-07:09-17-19"": 0.0078195954, ""2024-09-08:09-09-45"": 0.0080398006, ""2024-09-09:09-11-48"": 0.0083605903, ""2024-09-10:09-01-38"": 0.0086648671, ""2024-09-11:09-15-55"": 0.0084284128, ""2024-09-12:09-02-56"": 0.0089149003, ""2024-09-13:09-15-38"": 0.0106179812, ""2024-09-14:09-00-54"": 0.0140401721, ""2024-09-15:09-05-26"": 0.0161946107, ""2024-09-16:09-06-59"": 0.0157986985, ""2024-09-17:09-16-20"": 0.0155426327, ""2024-09-18:09-04-11"": 0.0181420442, ""2024-09-19:09-00-47"": 0.0177594057, ""2024-09-20:03-11-27"": 0.0174024796}}"
klay-token,klay,Klaytn,"{""price"": {""2024-09-06:09-23-46"": 0.1271803029, ""2024-09-07:09-29-14"": 0.1268285264, ""2024-09-08:09-18-28"": 0.1288137091, ""2024-09-09:09-05-31"": 0.1311942978, ""2024-09-10:09-07-36"": 0.1331515145, ""2024-09-11:09-22-09"": 0.1300261298, ""2024-09-12:09-22-09"": 0.1323167955, ""2024-09-13:09-09-23"": 0.1337489735, ""2024-09-14:09-13-47"": 0.1349908726, ""2024-09-15:09-17-19"": 0.1332460604, ""2024-09-16:09-17-06"": 0.1291876709, ""2024-09-17:09-06-24"": 0.128531193, ""2024-09-18:09-20-01"": 0.1306261223, ""2024-09-19:09-29-20"": 0.1340382901, ""2024-09-20:03-26-57"": 0.1348328109}}"
eos,eos,EOS,"{""price"": {""2024-09-06:09-19-58"": 0.4608312527, ""2024-09-07:09-13-10"": 0.4667489946, ""2024-09-08:09-24-14"": 0.4683779677, ""2024-09-09:09-24-22"": 0.4843076735, ""2024-09-10:09-08-05"": 0.4878433404, ""2024-09-11:09-05-39"": 0.4808710641, ""2024-09-12:09-23-05"": 0.4951581067, ""2024-09-13:09-00-27"": 0.4967764465, ""2024-09-14:09-26-23"": 0.4988906189, ""2024-09-15:09-17-34"": 0.4971503973, ""2024-09-16:09-02-35"": 0.4799412463, ""2024-09-17:09-25-55"": 0.4737408151, ""2024-09-18:09-16-07"": 0.4766244076, ""2024-09-19:09-04-16"": 0.4970630624, ""2024-09-20:02-15-03"": 0.507852577}}"
gala,gala,GALA,"{""price"": {""2024-09-06:09-21-00"": 0.0173764735, ""2024-09-07:09-19-00"": 0.0178913999, ""2024-09-08:09-11-42"": 0.0189227914, ""2024-09-09:09-06-34"": 0.0189758355, ""2024-09-10:09-02-12"": 0.0185251157, ""2024-09-11:09-21-07"": 0.0179160585, ""2024-09-12:09-22-36"": 0.0181459687, ""2024-09-13:09-07-01"": 0.0180059511, ""2024-09-14:09-16-44"": 0.0183908499, ""2024-09-15:09-22-48"": 0.0184692653, ""2024-09-16:09-26-18"": 0.0175692005, ""2024-09-17:09-16-37"": 0.0176032487, ""2024-09-18:09-23-23"": 0.0181437831, ""2024-09-19:09-09-49"": 0.0189924341, ""2024-09-20:02-28-20"": 0.0193198885}}"
elrond-erd-2,egld,MultiversX,"{""price"": {""2024-09-06:09-17-17"": 24.5219181789, ""2024-09-07:09-11-48"": 24.9106866157, ""2024-09-08:09-10-46"": 25.1080741389, ""2024-09-09:09-02-41"": 25.8772140978, ""2024-09-10:09-08-16"": 26.3766209097, ""2024-09-11:09-02-02"": 25.7498472707, ""2024-09-12:09-22-19"": 26.7223051354, ""2024-09-13:09-05-38"": 26.5021759703, ""2024-09-14:09-03-05"": 26.467091778, ""2024-09-15:09-15-17"": 26.4303270123, ""2024-09-16:09-13-35"": 25.2853669553, ""2024-09-17:09-26-50"": 25.0766948781, ""2024-09-18:09-05-15"": 26.1299829349, ""2024-09-19:09-29-41"": 27.1015025095, ""2024-09-20:03-07-35"": 27.7904628126}}"
tokenize-xchange,tkx,Tokenize Xchange,"{""price"": {""2024-09-06:09-26-21"": 7.957194516, ""2024-09-07:09-05-36"": 8.0747050594, ""2024-09-08:09-04-03"": 8.0827112151, ""2024-09-09:09-05-36"": 8.2664652781, ""2024-09-10:09-14-03"": 8.5840277491, ""2024-09-11:09-14-16"": 8.5227756105, ""2024-09-12:09-01-41"": 8.7672365432, ""2024-09-13:09-00-19"": 8.7603430353, ""2024-09-14:09-13-57"": 9.2352839668, ""2024-09-15:09-24-51"": 9.1101532993, ""2024-09-16:09-20-00"": 9.1509113183, ""2024-09-17:09-21-54"": 8.9642637407, ""2024-09-18:09-25-27"": 9.0370780649, ""2024-09-19:09-27-58"": 9.2966171292, ""2024-09-20:03-03-23"": 9.4738417149}}"
fasttoken,ftn,Fasttoken,"{""price"": {""2024-09-06:09-40-37"": 2.5315892217, ""2024-09-07:09-40-52"": 2.4641544372, ""2024-09-08:09-41-05"": 2.4647165368, ""2024-09-09:09-41-43"": 2.5197948455, ""2024-09-10:09-36-14"": 2.5067954209, ""2024-09-11:09-36-47"": 2.5573978795, ""2024-09-12:09-36-44"": 2.5711552637, ""2024-09-13:09-30-43"": 2.5528760757, ""2024-09-14:09-38-53"": 2.5360311973, ""2024-09-15:09-41-51"": 2.5349036951, ""2024-09-16:09-41-45"": 2.4979904417, ""2024-09-17:09-40-11"": 2.4802077694, ""2024-09-18:09-39-20"": 2.4089398129, ""2024-09-19:09-42-36"": 2.4942450098, ""2024-09-20:02-40-36"": 2.2873553975}}"
